Time, LQI, Audio files, Jeti, RSSI, HOPPING, Altitude, Distance
00:02, 045%, 7, 000%, -24dBm, 001, 9, 12
00:02, 050%, 0, 000%, -50dBm, 001, 15, 19
00:04, 025%, 0, 000%, -57dBm, 001, 28, 33
00:04, 050%, 0, 000%, -63dBm, 001, 36, 40
00:05, 040%, 0, 000%, -71dBm, 001, 43, 47
00:07, 040%, 2, 000%, -67dBm, 001, 58, 58
00:08, 065%, 2, 000%, -62dBm, 001, 68, 66
00:09, 090%, 0, 000%, -59dBm, 001, 77, 72
00:10, 100%, 1, 000%, -49dBm, 001, 87, 79
00:11, 100%, 1, 000%, -47dBm, 001, 97, 85
00:12, 100%, 2, 000%, -48dBm, 001, 106, 91
00:13, 100%, 1, 000%, -51dBm, 001, 115, 97
00:14, 100%, 2, 000%, -46dBm, 001, 124, 104
00:15, 095%, 1, 000%, -48dBm, 001, 133, 112
00:16, 105%, 2, 000%, -53dBm, 001, 142, 115
00:17, 100%, 1, 000%, -53dBm, 001, 151, 117
00:18, 090%, 2, 000%, -51dBm, 001, 159, 117
00:20, 100%, 2, 000%, -41dBm, 001, 168, 116
00:20, 100%, 1, 000%, -39dBm, 001, 177, 113
00:21, 095%, 0, 000%, -39dBm, 001, 185, 111
00:22, 105%, 0, 000%, -41dBm, 001, 191, 110
00:23, 095%, 0, 000%, -42dBm, 001, 195, 107
00:23, 100%, 0, 000%, -54dBm, 001, 195, 104
00:24, 100%, 0, 000%, -49dBm, 001, 192, 97
00:25, 100%, 0, 000%, -47dBm, 001, 189, 86
00:26, 100%, 0, 000%, -43dBm, 001, 190, 75
00:27, 100%, 0, 000%, -45dBm, 001, 191, 71
00:28, 100%, 0, 000%, -48dBm, 001, 190, 68
00:29, 100%, 0, 000%, -55dBm, 001, 189, 65
00:30, 100%, 0, 000%, -56dBm, 001, 188, 62
00:31, 100%, 1, 000%, -53dBm, 001, 187, 61
00:32, 080%, 1, 000%, -53dBm, 001, 185, 58
00:34, 100%, 0, 000%, -52dBm, 001, 184, 59
00:35, 090%, 0, 000%, -52dBm, 001, 182, 62
00:36, 100%, 0, 000%, -52dBm, 001, 180, 67
00:37, 100%, 1, 000%, -58dBm, 001, 179, 75
00:37, 095%, 1, 000%, -58dBm, 001, 179, 83
00:39, 100%, 0, 000%, -57dBm, 001, 179, 93
00:40, 100%, 0, 000%, -59dBm, 001, 180, 101
00:41, 100%, 0, 000%, -62dBm, 001, 181, 109
00:42, 065%, 0, 000%, -63dBm, 001, 181, 115
00:43, 100%, 0, 000%, -61dBm, 001, 181, 122
00:44, 100%, 0, 000%, -57dBm, 001, 179, 130
00:45, 100%, 0, 000%, -58dBm, 001, 177, 137
00:45, 100%, 0, 000%, -60dBm, 001, 176, 146
00:47, 050%, 2, 000%, -64dBm, 001, 175, 155
00:48, 095%, 0, 000%, -59dBm, 001, 175, 164
00:48, 100%, 0, 000%, -65dBm, 001, 175, 172
00:49, 090%, 0, 000%, -63dBm, 001, 176, 178
00:50, 100%, 0, 000%, -58dBm, 001, 176, 184
00:51, 100%, 0, 000%, -58dBm, 001, 175, 190
00:52, 100%, 0, 000%, -62dBm, 001, 175, 195
00:53, 090%, 0, 000%, -68dBm, 001, 174, 203
00:54, 100%, 0, 000%, -67dBm, 001, 173, 209
00:55, 090%, 0, 000%, -69dBm, 001, 173, 215
00:57, 100%, 0, 000%, -69dBm, 001, 172, 220
00:58, 095%, 0, 000%, -57dBm, 001, 171, 223
00:58, 100%, 0, 000%, -57dBm, 001, 170, 220
00:59, 100%, 0, 000%, -52dBm, 001, 167, 215
01:01, 100%, 0, 000%, -48dBm, 001, 166, 209
01:02, 100%, 0, 000%, -48dBm, 001, 165, 201
01:03, 095%, 1, 000%, -48dBm, 001, 165, 195
01:04, 100%, 1, 000%, -49dBm, 001, 164, 191
01:05, 100%, 0, 000%, -54dBm, 001, 164, 188
01:06, 100%, 0, 000%, -55dBm, 001, 163, 188
01:07, 090%, 0, 000%, -57dBm, 001, 163, 190
01:08, 090%, 0, 000%, -57dBm, 001, 163, 193
01:09, 100%, 0, 000%, -55dBm, 001, 163, 194
01:10, 100%, 0, 000%, -52dBm, 001, 163, 196
01:11, 100%, 0, 000%, -54dBm, 001, 163, 197
01:12, 100%, 0, 000%, -56dBm, 001, 162, 199
01:13, 100%, 0, 000%, -56dBm, 001, 162, 203
01:14, 100%, 0, 000%, -56dBm, 001, 162, 209
01:15, 095%, 2, 000%, -53dBm, 001, 162, 215
01:15, 090%, 0, 000%, -53dBm, 001, 162, 220
01:16, 100%, 0, 000%, -53dBm, 001, 161, 226
01:17, 100%, 0, 000%, -53dBm, 001, 161, 231
01:18, 100%, 0, 000%, -56dBm, 001, 160, 236
01:20, 100%, 0, 000%, -55dBm, 001, 160, 242
01:21, 100%, 2, 000%, -56dBm, 001, 159, 248
01:22, 095%, 0, 000%, -57dBm, 001, 159, 253
01:23, 100%, 0, 000%, -54dBm, 001, 159, 256
01:24, 100%, 0, 000%, -54dBm, 001, 159, 260
01:25, 100%, 0, 000%, -59dBm, 001, 158, 266
01:26, 100%, 0, 000%, -57dBm, 001, 157, 272
01:27, 100%, 0, 000%, -57dBm, 001, 157, 279
01:28, 100%, 0, 000%, -59dBm, 001, 157, 282
01:29, 100%, 0, 000%, -58dBm, 001, 157, 287
01:30, 100%, 0, 000%, -58dBm, 001, 157, 288
01:31, 100%, 0, 000%, -61dBm, 001, 155, 288
01:32, 100%, 0, 000%, -61dBm, 001, 153, 282
01:33, 100%, 0, 000%, -51dBm, 001, 151, 274
01:34, 100%, 0, 000%, -50dBm, 001, 149, 264
01:35, 100%, 0, 000%, -51dBm, 001, 149, 254
01:36, 100%, 0, 000%, -50dBm, 001, 150, 246
01:36, 100%, 0, 000%, -49dBm, 001, 151, 242
01:37, 100%, 2, 000%, -49dBm, 001, 151, 238
01:38, 100%, 0, 000%, -51dBm, 001, 151, 236
01:39, 100%, 0, 000%, -52dBm, 001, 151, 235
01:40, 100%, 0, 000%, -53dBm, 001, 151, 232
01:41, 090%, 0, 000%, -52dBm, 001, 150, 230
01:43, 100%, 0, 000%, -50dBm, 001, 150, 227
01:44, 100%, 0, 000%, -55dBm, 001, 150, 225
01:45, 100%, 0, 000%, -54dBm, 001, 149, 223
01:46, 100%, 0, 000%, -55dBm, 001, 149, 222
01:47, 100%, 0, 000%, -56dBm, 001, 149, 222
01:48, 100%, 0, 000%, -50dBm, 001, 149, 220
01:49, 100%, 0, 000%, -50dBm, 001, 148, 221
01:50, 100%, 0, 000%, -58dBm, 001, 148, 221
01:51, 100%, 0, 000%, -57dBm, 001, 147, 223
01:52, 100%, 0, 000%, -56dBm, 001, 147, 227
01:53, 100%, 0, 000%, -53dBm, 001, 146, 231
01:54, 100%, 0, 000%, -54dBm, 001, 146, 234
01:55, 100%, 0, 000%, -58dBm, 001, 145, 235
01:56, 100%, 0, 000%, -56dBm, 001, 145, 235
01:57, 100%, 0, 000%, -54dBm, 001, 145, 234
01:57, 100%, 0, 000%, -47dBm, 001, 145, 230
01:58, 100%, 0, 000%, -44dBm, 001, 145, 223
01:59, 100%, 0, 000%, -45dBm, 001, 144, 215
02:00, 100%, 0, 000%, -46dBm, 001, 143, 206
02:01, 090%, 0, 000%, -58dBm, 001, 142, 195
02:02, 100%, 0, 000%, -54dBm, 001, 140, 186
02:04, 100%, 0, 000%, -54dBm, 001, 139, 175
02:05, 100%, 0, 000%, -57dBm, 001, 138, 166
02:06, 100%, 0, 000%, -56dBm, 001, 137, 155
02:07, 100%, 0, 000%, -52dBm, 001, 136, 144
02:08, 100%, 0, 000%, -53dBm, 001, 134, 133
02:08, 100%, 0, 000%, -53dBm, 001, 133, 120
02:09, 100%, 0, 000%, -49dBm, 001, 133, 109
02:10, 095%, 0, 000%, -51dBm, 001, 133, 98
02:11, 100%, 0, 000%, -50dBm, 001, 133, 86
02:12, 090%, 1, 000%, -49dBm, 001, 132, 75
02:13, 100%, 1, 000%, -48dBm, 001, 132, 65
02:14, 100%, 0, 000%, -47dBm, 001, 132, 55
02:15, 090%, 0, 000%, -49dBm, 001, 131, 44
02:16, 100%, 0, 000%, -52dBm, 001, 130, 34
02:17, 095%, 0, 000%, -53dBm, 001, 129, 26
02:18, 100%, 0, 000%, -54dBm, 001, 129, 17
02:19, 100%, 1, 000%, -54dBm, 001, 129, 13
02:20, 100%, 1, 000%, -54dBm, 001, 129, 17
02:21, 100%, 0, 000%, -55dBm, 001, 129, 24
02:22, 100%, 0, 000%, -57dBm, 001, 128, 33
02:23, 100%, 0, 000%, -58dBm, 001, 127, 44
02:25, 100%, 0, 000%, -58dBm, 001, 125, 56
02:26, 100%, 0, 000%, -57dBm, 001, 123, 69
02:27, 100%, 0, 000%, -58dBm, 001, 123, 79
02:28, 090%, 0, 000%, -54dBm, 001, 124, 92
02:29, 100%, 0, 000%, -56dBm, 001, 124, 102
02:29, 100%, 0, 000%, -57dBm, 001, 124, 111
02:30, 100%, 0, 000%, -58dBm, 001, 123, 121
02:31, 100%, 0, 000%, -63dBm, 001, 122, 130
02:32, 100%, 0, 000%, -64dBm, 001, 122, 139
02:33, 100%, 0, 000%, -65dBm, 001, 122, 148
02:34, 095%, 0, 000%, -64dBm, 001, 122, 156
02:35, 095%, 0, 000%, -63dBm, 001, 122, 163
02:36, 090%, 0, 000%, -60dBm, 001, 122, 170
02:37, 100%, 0, 000%, -56dBm, 001, 121, 176
02:38, 100%, 1, 000%, -54dBm, 001, 120, 184
02:39, 100%, 1, 000%, -53dBm, 001, 120, 191
02:40, 100%, 0, 000%, -53dBm, 001, 119, 199
02:41, 100%, 0, 000%, -55dBm, 001, 119, 207
02:42, 100%, 0, 000%, -59dBm, 001, 119, 213
02:43, 100%, 0, 000%, -60dBm, 001, 118, 220
02:44, 100%, 0, 000%, -54dBm, 001, 118, 222
02:46, 100%, 0, 000%, -50dBm, 001, 117, 223
02:47, 100%, 0, 000%, -52dBm, 001, 116, 220
02:48, 100%, 0, 000%, -50dBm, 001, 115, 217
02:49, 100%, 0, 000%, -46dBm, 001, 113, 212
02:50, 100%, 0, 000%, -45dBm, 001, 111, 206
02:50, 090%, 0, 000%, -44dBm, 001, 110, 201
02:51, 100%, 0, 000%, -45dBm, 001, 110, 196
02:52, 100%, 0, 000%, -45dBm, 001, 109, 192
02:53, 100%, 0, 000%, -48dBm, 001, 109, 191
02:54, 095%, 0, 000%, -52dBm, 001, 108, 191
02:55, 090%, 0, 000%, -51dBm, 001, 107, 191
02:56, 100%, 0, 000%, -48dBm, 001, 107, 192
02:57, 100%, 0, 000%, -48dBm, 001, 106, 193
02:58, 100%, 0, 000%, -49dBm, 001, 106, 194
02:59, 100%, 0, 000%, -48dBm, 001, 105, 196
03:00, 100%, 0, 000%, -51dBm, 001, 105, 200
03:01, 100%, 0, 000%, -52dBm, 001, 104, 204
03:02, 100%, 0, 000%, -54dBm, 001, 103, 208
03:03, 100%, 0, 000%, -57dBm, 001, 103, 214
03:04, 100%, 0, 000%, -61dBm, 001, 103, 220
03:05, 095%, 0, 000%, -63dBm, 001, 102, 223
03:07, 070%, 0, 000%, -71dBm, 001, 101, 231
03:08, 090%, 0, 000%, -67dBm, 001, 100, 237
03:09, 100%, 0, 000%, -69dBm, 001, 100, 244
03:10, 100%, 0, 000%, -67dBm, 001, 99, 253
03:11, 100%, 0, 000%, -70dBm, 001, 99, 261
03:11, 100%, 0, 000%, -62dBm, 001, 99, 270
03:12, 100%, 0, 000%, -60dBm, 001, 99, 278
03:14, 090%, 0, 000%, -61dBm, 001, 100, 283
03:15, 100%, 0, 000%, -61dBm, 001, 100, 290
03:16, 100%, 0, 000%, -61dBm, 001, 99, 293
03:17, 100%, 0, 000%, -64dBm, 001, 99, 295
03:18, 100%, 0, 000%, -63dBm, 001, 97, 294
03:19, 100%, 1, 000%, -66dBm, 001, 95, 290
03:20, 100%, 2, 000%, -53dBm, 001, 93, 283
03:21, 100%, 1, 000%, -52dBm, 001, 91, 274
03:22, 100%, 0, 000%, -52dBm, 001, 89, 265
03:23, 100%, 0, 000%, -52dBm, 001, 89, 257
03:23, 100%, 0, 000%, -53dBm, 001, 88, 248
03:24, 100%, 0, 000%, -53dBm, 001, 88, 240
03:26, 100%, 0, 000%, -58dBm, 001, 87, 232
03:27, 100%, 0, 000%, -59dBm, 001, 87, 228
03:28, 100%, 0, 000%, -61dBm, 001, 86, 224
03:29, 095%, 0, 000%, -60dBm, 001, 85, 222
03:30, 080%, 0, 000%, -67dBm, 001, 83, 222
03:31, 080%, 0, 000%, -71dBm, 001, 82, 222
03:32, 070%, 0, 000%, -72dBm, 001, 81, 224
03:33, 100%, 2, 000%, -70dBm, 001, 80, 222
03:34, 090%, 0, 000%, -67dBm, 001, 79, 224
03:35, 065%, 0, 000%, -67dBm, 001, 78, 225
03:36, 075%, 0, 000%, -66dBm, 001, 77, 225
03:37, 100%, 0, 000%, -64dBm, 001, 76, 223
03:38, 090%, 1, 000%, -64dBm, 001, 75, 224
03:39, 090%, 1, 000%, -63dBm, 001, 75, 223
03:40, 100%, 0, 000%, -62dBm, 001, 75, 223
03:41, 100%, 0, 000%, -57dBm, 001, 75, 220
03:42, 100%, 0, 000%, -57dBm, 001, 75, 212
03:43, 100%, 0, 000%, -57dBm, 001, 75, 201
03:44, 100%, 1, 000%, -56dBm, 001, 75, 190
03:44, 100%, 1, 000%, -56dBm, 001, 73, 179
03:45, 095%, 0, 000%, -51dBm, 001, 71, 168
03:47, 100%, 0, 000%, -45dBm, 001, 70, 157
03:48, 100%, 0, 000%, -43dBm, 001, 67, 145
03:49, 100%, 1, 000%, -40dBm, 001, 66, 134
03:50, 095%, 1, 000%, -40dBm, 001, 65, 121
03:51, 100%, 0, 000%, -39dBm, 001, 65, 111
03:52, 095%, 0, 000%, -39dBm, 001, 66, 99
03:53, 095%, 0, 000%, -40dBm, 001, 67, 87
03:54, 100%, 0, 000%, -45dBm, 001, 69, 77
03:55, 100%, 0, 000%, -49dBm, 001, 69, 67
03:56, 100%, 0, 000%, -47dBm, 001, 69, 59
03:57, 100%, 0, 000%, -48dBm, 001, 69, 49
03:58, 100%, 0, 000%, -52dBm, 001, 68, 42
03:59, 100%, 0, 000%, -50dBm, 001, 67, 33
04:00, 100%, 0, 000%, -52dBm, 001, 66, 29
04:01, 100%, 1, 000%, -53dBm, 001, 66, 28
04:02, 100%, 1, 000%, -53dBm, 001, 65, 31
04:03, 090%, 0, 000%, -56dBm, 001, 64, 38
04:04, 100%, 0, 000%, -58dBm, 001, 64, 46
04:05, 100%, 0, 000%, -58dBm, 001, 63, 56
04:05, 095%, 0, 000%, -69dBm, 001, 63, 63
04:06, 100%, 0, 000%, -66dBm, 001, 63, 73
04:07, 100%, 0, 000%, -55dBm, 001, 63, 82
04:08, 100%, 0, 000%, -53dBm, 001, 64, 90
04:10, 100%, 0, 000%, -56dBm, 001, 65, 98
04:11, 100%, 0, 000%, -54dBm, 001, 65, 104
04:12, 100%, 0, 000%, -53dBm, 001, 64, 111
04:13, 100%, 0, 000%, -57dBm, 001, 63, 118
04:14, 100%, 0, 000%, -59dBm, 001, 62, 125
04:15, 100%, 0, 000%, -60dBm, 001, 62, 132
04:16, 100%, 0, 000%, -66dBm, 001, 61, 140
04:17, 100%, 0, 000%, -67dBm, 001, 60, 21674
04:18, 095%, 0, 000%, -66dBm, 001, 60, 153
04:18, 065%, 0, 000%, -67dBm, 001, 59, 160
04:19, 100%, 0, 000%, -66dBm, 001, 59, 167
04:20, 095%, 0, 000%, -72dBm, 001, 59, 174
04:21, 100%, 0, 000%, -70dBm, 001, 59, 180
04:22, 100%, 0, 000%, -62dBm, 001, 59, 186
04:23, 100%, 0, 000%, -62dBm, 001, 59, 191
04:24, 100%, 0, 000%, -63dBm, 001, 58, 197
04:25, 100%, 0, 000%, -62dBm, 001, 58, 203
04:26, 100%, 0, 000%, -61dBm, 001, 57, 211
04:27, 100%, 0, 000%, -57dBm, 001, 57, 216
04:28, 100%, 0, 000%, -56dBm, 001, 56, 221
04:29, 100%, 0, 000%, -52dBm, 001, 55, 224
04:31, 100%, 0, 000%, -52dBm, 001, 55, 223
04:32, 100%, 0, 000%, -53dBm, 001, 54, 220
04:33, 100%, 0, 000%, -53dBm, 001, 54, 214
04:34, 090%, 0, 000%, -45dBm, 001, 52, 207
04:35, 090%, 0, 000%, -44dBm, 001, 51, 200
04:36, 090%, 0, 000%, -45dBm, 001, 50, 192
04:37, 100%, 2, 000%, -44dBm, 001, 49, 188
04:37, 095%, 0, 000%, -50dBm, 001, 49, 184
04:38, 100%, 0, 000%, -54dBm, 001, 49, 184
04:39, 100%, 0, 000%, -52dBm, 001, 49, 184
04:40, 100%, 0, 000%, -49dBm, 001, 48, 186
04:41, 100%, 0, 000%, -45dBm, 001, 48, 190
04:42, 095%, 0, 000%, -46dBm, 001, 48, 194
04:43, 100%, 0, 000%, -49dBm, 001, 48, 200
04:44, 100%, 1, 000%, -51dBm, 001, 48, 205
04:45, 095%, 1, 000%, -56dBm, 001, 47, 212
04:46, 100%, 1, 000%, -56dBm, 001, 46, 219
04:47, 100%, 0, 000%, -56dBm, 001, 45, 228
04:48, 100%, 0, 000%, -55dBm, 001, 45, 236
04:49, 100%, 0, 000%, -54dBm, 001, 44, 243
04:50, 100%, 0, 000%, -56dBm, 001, 43, 250
04:52, 100%, 0, 000%, -56dBm, 001, 42, 260
04:53, 100%, 0, 000%, -58dBm, 001, 42, 267
04:54, 100%, 0, 000%, -54dBm, 001, 42, 275
04:55, 100%, 0, 000%, -50dBm, 001, 42, 280
04:56, 100%, 0, 000%, -53dBm, 001, 41, 282
04:57, 100%, 0, 000%, -54dBm, 001, 41, 276
04:58, 100%, 0, 000%, -48dBm, 001, 40, 269
04:58, 100%, 0, 000%, -48dBm, 001, 38, 260
04:59, 100%, 0, 000%, -50dBm, 001, 36, 250
05:00, 100%, 0, 000%, -51dBm, 001, 33, 240
05:01, 100%, 0, 000%, -50dBm, 001, 31, 230
05:02, 100%, 0, 000%, -50dBm, 001, 30, 221
05:03, 100%, 0, 000%, -48dBm, 001, 28, 217
05:04, 100%, 0, 000%, -49dBm, 001, 27, 213
05:05, 100%, 0, 000%, -48dBm, 001, 27, 211
05:06, 100%, 0, 000%, -49dBm, 001, 27, 211
05:07, 100%, 0, 000%, -56dBm, 001, 27, 211
05:08, 100%, 0, 000%, -59dBm, 001, 26, 213
05:09, 100%, 0, 000%, -56dBm, 001, 25, 215
05:11, 100%, 1, 000%, -53dBm, 001, 24, 217
05:12, 100%, 1, 000%, -52dBm, 001, 24, 218
05:13, 100%, 0, 000%, -52dBm, 001, 24, 221
05:14, 100%, 0, 000%, -53dBm, 001, 24, 221
05:15, 100%, 0, 000%, -52dBm, 001, 24, 220
05:16, 095%, 0, 000%, -42dBm, 001, 24, 218
05:17, 095%, 0, 000%, -40dBm, 001, 24, 212
05:18, 100%, 2, 000%, -40dBm, 001, 24, 207
05:19, 085%, 0, 000%, -40dBm, 001, 22, 199
05:19, 100%, 0, 000%, -45dBm, 001, 20, 188
05:20, 100%, 0, 000%, -56dBm, 001, 18, 178
05:21, 100%, 0, 000%, -49dBm, 001, 16, 166
05:22, 100%, 0, 000%, -47dBm, 001, 13, 154
05:24, 100%, 0, 000%, -45dBm, 001, 11, 142
05:25, 100%, 0, 000%, -45dBm, 001, 10, 127
05:26, 100%, 0, 000%, -42dBm, 001, 9, 114
05:27, 100%, 0, 000%, -42dBm, 001, 8, 101
05:28, 100%, 1, 000%, -45dBm, 001, 8, 88
05:29, 095%, 1, 000%, -42dBm, 001, 8, 78
05:30, 100%, 0, 000%, -50dBm, 001, 8, 67
05:31, 090%, 0, 000%, -46dBm, 001, 8, 55
05:32, 100%, 1, 000%, -48dBm, 001, 7, 46
05:33, 090%, 1, 000%, -47dBm, 001, 6, 37
05:34, 100%, 1, 000%, -52dBm, 001, 6, 33
05:35, 100%, 1, 000%, -52dBm, 001, 5, 32
05:36, 100%, 1, 000%, -48dBm, 001, 7, 37
05:37, 100%, 0, 000%, -45dBm, 001, 12, 47
05:38, 095%, 0, 000%, -47dBm, 001, 18, 61
05:39, 095%, 0, 000%, -51dBm, 001, 29, 77
05:40, 095%, 2, 000%, -53dBm, 001, 39, 91
05:41, 095%, 1, 000%, -50dBm, 001, 48, 106
05:42, 095%, 1, 000%, -49dBm, 001, 57, 119
05:43, 100%, 1, 000%, -49dBm, 001, 67, 129
05:44, 080%, 1, 000%, -48dBm, 001, 77, 137
05:45, 100%, 0, 000%, -54dBm, 001, 87, 144
05:46, 095%, 0, 000%, -45dBm, 001, 95, 152
05:47, 100%, 0, 000%, -45dBm, 001, 103, 158
05:48, 100%, 2, 000%, -49dBm, 001, 112, 163
05:49, 100%, 2, 000%, -46dBm, 001, 120, 168
05:50, 095%, 1, 000%, -49dBm, 001, 130, 173
05:50, 100%, 2, 000%, -45dBm, 001, 139, 176
05:51, 100%, 1, 000%, -45dBm, 001, 146, 177
05:52, 075%, 1, 000%, -54dBm, 001, 154, 173
05:53, 090%, 2, 000%, -43dBm, 001, 159, 167
05:55, 100%, 2, 000%, -44dBm, 001, 164, 164
05:56, 100%, 1, 000%, -45dBm, 001, 169, 162
05:57, 100%, 1, 000%, -48dBm, 001, 171, 158
05:58, 100%, 1, 000%, -53dBm, 001, 166, 156
05:59, 090%, 2, 000%, -61dBm, 001, 169, 152
06:00, 100%, 1, 000%, -61dBm, 001, 174, 147
06:01, 100%, 1, 000%, -60dBm, 001, 177, 139
06:02, 100%, 0, 000%, -49dBm, 001, 178, 130
06:03, 100%, 0, 000%, -48dBm, 001, 175, 118
06:04, 100%, 0, 000%, -52dBm, 001, 173, 105
06:05, 100%, 0, 000%, -50dBm, 001, 172, 95
06:06, 090%, 0, 000%, -46dBm, 001, 172, 83
06:07, 100%, 0, 000%, -48dBm, 001, 171, 74
06:08, 100%, 0, 000%, -53dBm, 001, 171, 63
06:09, 090%, 0, 000%, -53dBm, 001, 170, 53
06:10, 100%, 0, 000%, -52dBm, 001, 170, 46
06:11, 100%, 1, 000%, -52dBm, 001, 170, 40
06:11, 100%, 2, 000%, -51dBm, 001, 169, 40
06:12, 100%, 0, 000%, -53dBm, 001, 168, 45
06:13, 100%, 0, 000%, -56dBm, 001, 167, 53
06:14, 100%, 0, 000%, -61dBm, 001, 165, 63
06:16, 090%, 0, 000%, -58dBm, 001, 165, 76
06:17, 100%, 0, 000%, -61dBm, 001, 165, 88
06:18, 100%, 0, 000%, -62dBm, 001, 166, 99
06:19, 100%, 0, 000%, -58dBm, 001, 166, 109
06:20, 100%, 0, 000%, -58dBm, 001, 167, 118
06:21, 100%, 0, 000%, -67dBm, 001, 166, 127
06:22, 100%, 0, 000%, -67dBm, 001, 165, 136
06:23, 100%, 0, 000%, -66dBm, 001, 164, 146
06:24, 100%, 0, 000%, -60dBm, 001, 164, 156
06:25, 100%, 0, 000%, -59dBm, 001, 164, 164
06:26, 100%, 0, 000%, -65dBm, 001, 164, 174
06:27, 100%, 0, 000%, -63dBm, 001, 164, 180
06:28, 100%, 0, 000%, -63dBm, 001, 164, 189
06:28, 090%, 0, 000%, -66dBm, 001, 163, 197
06:29, 100%, 0, 000%, -66dBm, 001, 163, 205
06:30, 100%, 0, 000%, -69dBm, 001, 162, 214
06:31, 100%, 0, 000%, -70dBm, 001, 162, 222
06:32, 100%, 0, 000%, -68dBm, 001, 161, 230
06:33, 100%, 0, 000%, -70dBm, 001, 161, 237
06:34, 100%, 0, 000%, -63dBm, 001, 160, 239
06:35, 100%, 0, 000%, -59dBm, 001, 158, 239
06:37, 100%, 0, 000%, -51dBm, 001, 155, 234
06:38, 100%, 0, 000%, -47dBm, 001, 152, 225
06:39, 100%, 0, 000%, -47dBm, 001, 149, 216
06:40, 100%, 0, 000%, -47dBm, 001, 146, 206
06:41, 100%, 0, 000%, -46dBm, 001, 145, 199
06:42, 100%, 0, 000%, -47dBm, 001, 147, 196
06:43, 100%, 0, 000%, -50dBm, 001, 148, 195
06:43, 100%, 0, 000%, -54dBm, 001, 149, 197
06:44, 100%, 0, 000%, -51dBm, 001, 150, 197
06:45, 100%, 0, 000%, -51dBm, 001, 150, 196
06:46, 100%, 0, 000%, -54dBm, 001, 149, 195
06:47, 100%, 0, 000%, -54dBm, 001, 148, 195
06:48, 095%, 0, 000%, -53dBm, 001, 148, 196
06:49, 095%, 0, 000%, -52dBm, 001, 147, 199
06:50, 095%, 0, 000%, -53dBm, 001, 147, 204
06:51, 100%, 0, 000%, -54dBm, 001, 147, 209
06:52, 100%, 0, 000%, -53dBm, 001, 146, 215
06:53, 100%, 0, 000%, -51dBm, 001, 146, 221
06:54, 080%, 0, 000%, -52dBm, 001, 145, 228
06:55, 100%, 0, 000%, -52dBm, 001, 145, 233
06:56, 100%, 0, 000%, -57dBm, 001, 145, 237
06:58, 100%, 0, 000%, -53dBm, 001, 143, 241
06:59, 100%, 0, 000%, -53dBm, 001, 142, 245
07:00, 100%, 0, 000%, -54dBm, 001, 141, 248
07:01, 100%, 0, 000%, -54dBm, 001, 141, 255
07:02, 100%, 0, 000%, -54dBm, 001, 140, 263
07:03, 090%, 0, 000%, -57dBm, 001, 139, 271
07:04, 100%, 0, 000%, -63dBm, 001, 139, 280
07:04, 100%, 0, 000%, -64dBm, 001, 138, 287
07:05, 090%, 0, 000%, -71dBm, 001, 139, 294
07:06, 030%, 0, 000%, -76dBm, 001, 139, 299
07:07, 095%, 0, 000%, -64dBm, 001, 139, 299
07:08, 100%, 0, 000%, -67dBm, 001, 137, 297
07:09, 100%, 0, 000%, -57dBm, 001, 135, 289
07:10, 100%, 0, 000%, -55dBm, 001, 132, 279
07:11, 100%, 0, 000%, -56dBm, 001, 129, 267
07:12, 100%, 0, 000%, -54dBm, 001, 127, 256
07:13, 100%, 0, 000%, -54dBm, 001, 126, 243
07:14, 100%, 0, 000%, -52dBm, 001, 125, 231
07:15, 100%, 0, 000%, -50dBm, 001, 125, 220
07:17, 100%, 0, 000%, -49dBm, 001, 124, 216
07:18, 100%, 0, 000%, -49dBm, 001, 123, 213
07:19, 100%, 0, 000%, -54dBm, 001, 123, 216
07:20, 100%, 0, 000%, -54dBm, 001, 123, 217
07:21, 100%, 0, 000%, -54dBm, 001, 123, 222
07:22, 100%, 0, 000%, -54dBm, 001, 123, 222
07:23, 100%, 0, 000%, -53dBm, 001, 123, 222
07:24, 100%, 0, 000%, -59dBm, 001, 122, 223
07:25, 100%, 0, 000%, -60dBm, 001, 121, 223
07:26, 090%, 0, 000%, -59dBm, 001, 119, 222
07:27, 090%, 0, 000%, -58dBm, 001, 118, 224
07:27, 100%, 0, 000%, -58dBm, 001, 117, 226
07:28, 100%, 0, 000%, -58dBm, 001, 116, 228
07:29, 100%, 0, 000%, -58dBm, 001, 115, 229
07:30, 100%, 0, 000%, -59dBm, 001, 114, 231
07:31, 100%, 0, 000%, -48dBm, 001, 113, 224
07:32, 100%, 0, 000%, -45dBm, 001, 111, 215
07:33, 100%, 0, 000%, -44dBm, 001, 110, 201
07:34, 095%, 0, 000%, -47dBm, 001, 109, 188
07:36, 100%, 0, 000%, -55dBm, 001, 107, 175
07:37, 100%, 0, 000%, -48dBm, 001, 105, 162
07:38, 100%, 0, 000%, -47dBm, 001, 104, 150
07:39, 100%, 0, 000%, -48dBm, 001, 102, 137
07:40, 100%, 0, 000%, -49dBm, 001, 100, 123
07:41, 100%, 0, 000%, -54dBm, 001, 98, 107
07:42, 100%, 2, 000%, -53dBm, 001, 97, 94
07:43, 100%, 2, 000%, -50dBm, 001, 96, 80
07:44, 100%, 0, 000%, -47dBm, 001, 94, 67
07:45, 100%, 0, 000%, -42dBm, 001, 94, 55
07:46, 100%, 0, 000%, -41dBm, 001, 94, 47
07:47, 100%, 0, 000%, -43dBm, 001, 94, 40
07:48, 100%, 1, 000%, -44dBm, 001, 95, 38
07:49, 100%, 1, 000%, -46dBm, 001, 96, 38
07:50, 100%, 0, 000%, -56dBm, 001, 96, 43
07:51, 100%, 0, 000%, -52dBm, 001, 96, 49
07:52, 100%, 0, 000%, -49dBm, 001, 95, 55
07:53, 100%, 0, 000%, -48dBm, 001, 94, 65
07:54, 100%, 0, 000%, -53dBm, 001, 93, 76
07:55, 100%, 0, 000%, -56dBm, 001, 94, 84
07:56, 100%, 0, 000%, -56dBm, 001, 94, 93
07:57, 100%, 0, 000%, -56dBm, 001, 94, 99
07:58, 090%, 0, 000%, -57dBm, 001, 94, 106
07:59, 100%, 0, 000%, -58dBm, 001, 93, 113
08:00, 100%, 0, 000%, -56dBm, 001, 93, 120
08:01, 090%, 2, 000%, -62dBm, 001, 92, 127
08:02, 100%, 0, 000%, -66dBm, 001, 92, 136
08:03, 100%, 0, 000%, -62dBm, 001, 91, 142
08:04, 100%, 0, 000%, -62dBm, 001, 92, 149
08:05, 100%, 0, 000%, -56dBm, 001, 91, 156
08:06, 100%, 0, 000%, -54dBm, 001, 90, 162
08:07, 100%, 0, 000%, -56dBm, 001, 89, 169
08:08, 100%, 0, 000%, -64dBm, 001, 89, 176
08:09, 100%, 0, 000%, -64dBm, 001, 89, 183
08:10, 100%, 0, 000%, -63dBm, 001, 90, 189
08:11, 100%, 0, 000%, -60dBm, 001, 90, 194
08:12, 095%, 0, 000%, -61dBm, 001, 90, 201
08:13, 090%, 0, 000%, -67dBm, 001, 89, 208
08:14, 090%, 1, 000%, -66dBm, 001, 89, 215
08:15, 090%, 1, 000%, -67dBm, 001, 88, 221
08:16, 100%, 0, 000%, -63dBm, 001, 88, 224
08:17, 100%, 0, 000%, -63dBm, 001, 88, 222
08:18, 100%, 0, 000%, -69dBm, 001, 87, 219
08:19, 100%, 0, 000%, -56dBm, 001, 85, 214
08:19, 100%, 0, 000%, -57dBm, 001, 84, 210
08:20, 100%, 0, 000%, -61dBm, 001, 83, 204
08:22, 100%, 0, 000%, -67dBm, 001, 82, 201
08:23, 100%, 0, 000%, -66dBm, 001, 82, 199
08:24, 100%, 0, 000%, -64dBm, 001, 82, 197
08:25, 100%, 0, 000%, -67dBm, 001, 81, 197
08:26, 100%, 0, 000%, -66dBm, 001, 80, 198
08:27, 100%, 0, 000%, -63dBm, 001, 78, 198
08:28, 100%, 0, 000%, -68dBm, 001, 77, 199
08:29, 095%, 0, 000%, -66dBm, 001, 76, 199
08:30, 100%, 0, 000%, -61dBm, 001, 75, 202
08:31, 100%, 0, 000%, -53dBm, 001, 75, 21674
08:32, 095%, 0, 000%, -57dBm, 001, 75, 210
08:33, 065%, 0, 000%, -62dBm, 001, 74, 216
08:34, 100%, 0, 000%, -59dBm, 001, 74, 222
08:35, 100%, 0, 000%, -58dBm, 001, 73, 226
08:36, 100%, 0, 000%, -61dBm, 001, 73, 230
08:37, 100%, 0, 000%, -59dBm, 001, 73, 235
08:38, 095%, 0, 000%, -65dBm, 001, 72, 241
08:39, 100%, 0, 000%, -59dBm, 001, 72, 249
08:40, 100%, 0, 000%, -57dBm, 001, 71, 257
08:40, 100%, 0, 000%, -57dBm, 001, 70, 266
08:41, 100%, 0, 000%, -69dBm, 001, 69, 276
08:43, 100%, 0, 000%, -58dBm, 001, 69, 284
08:44, 100%, 0, 000%, -56dBm, 001, 69, 292
08:45, 100%, 0, 000%, -54dBm, 001, 69, 299
08:46, 100%, 0, 000%, -53dBm, 001, 70, 304
08:47, 100%, 2, 000%, -56dBm, 001, 69, 305
08:48, 095%, 0, 000%, -57dBm, 001, 67, 301
08:49, 100%, 0, 000%, -48dBm, 001, 64, 297
08:50, 100%, 0, 000%, -47dBm, 001, 62, 288
08:51, 100%, 0, 000%, -50dBm, 001, 60, 279
08:51, 100%, 0, 000%, -49dBm, 001, 57, 271
08:52, 100%, 0, 000%, -49dBm, 001, 55, 263
08:53, 100%, 0, 000%, -48dBm, 001, 53, 257
08:54, 100%, 0, 000%, -48dBm, 001, 52, 250
08:55, 095%, 0, 000%, -49dBm, 001, 52, 248
08:56, 100%, 0, 000%, -50dBm, 001, 53, 245
08:57, 100%, 1, 000%, -54dBm, 001, 52, 245
08:58, 100%, 1, 000%, -61dBm, 001, 51, 246
08:59, 100%, 0, 000%, -61dBm, 001, 50, 246
09:00, 100%, 0, 000%, -56dBm, 001, 47, 246
09:02, 100%, 2, 000%, -49dBm, 001, 46, 243
09:03, 100%, 1, 000%, -49dBm, 001, 46, 242
09:04, 100%, 0, 000%, -49dBm, 001, 46, 243
09:05, 100%, 1, 000%, -51dBm, 001, 46, 242
09:06, 100%, 1, 000%, -51dBm, 001, 45, 243
09:07, 100%, 0, 000%, -52dBm, 001, 45, 242
09:08, 100%, 0, 000%, -42dBm, 001, 44, 239
09:09, 100%, 0, 000%, -41dBm, 001, 43, 232
09:10, 100%, 0, 000%, -40dBm, 001, 43, 221
09:11, 100%, 0, 000%, -41dBm, 001, 42, 212
09:12, 100%, 0, 000%, -45dBm, 001, 40, 200
09:12, 100%, 0, 000%, -52dBm, 001, 38, 189
09:13, 095%, 0, 000%, -56dBm, 001, 36, 178
09:14, 100%, 0, 000%, -50dBm, 001, 35, 165
09:15, 090%, 0, 000%, -49dBm, 001, 34, 153
09:16, 100%, 0, 000%, -46dBm, 001, 33, 141
09:17, 100%, 0, 000%, -48dBm, 001, 33, 130
09:18, 100%, 0, 000%, -47dBm, 001, 33, 119
09:19, 090%, 0, 000%, -47dBm, 001, 34, 107
09:20, 100%, 0, 000%, -51dBm, 001, 34, 97
09:21, 100%, 0, 000%, -55dBm, 001, 34, 88
09:23, 100%, 0, 000%, -47dBm, 001, 33, 79
09:24, 100%, 0, 000%, -53dBm, 001, 32, 70
09:25, 100%, 0, 000%, -49dBm, 001, 31, 58
09:26, 100%, 0, 000%, -48dBm, 001, 29, 47
09:27, 100%, 0, 000%, -50dBm, 001, 28, 38
09:28, 100%, 0, 000%, -50dBm, 001, 26, 29
09:29, 100%, 0, 000%, -58dBm, 001, 24, 21
09:30, 085%, 1, 000%, -63dBm, 001, 24, 22
09:31, 100%, 1, 000%, -63dBm, 001, 25, 27
09:32, 095%, 0, 000%, -59dBm, 001, 25, 35
09:33, 100%, 0, 000%, -54dBm, 001, 28, 44
09:33, 090%, 0, 000%, -53dBm, 001, 33, 58
09:34, 100%, 0, 000%, -55dBm, 001, 41, 71
09:35, 090%, 2, 000%, -56dBm, 001, 50, 83
09:36, 100%, 1, 000%, -43dBm, 001, 60, 94
09:37, 100%, 1, 000%, -40dBm, 001, 69, 103
09:38, 100%, 0, 000%, -40dBm, 001, 79, 109
09:39, 100%, 0, 000%, -42dBm, 001, 87, 115
09:40, 100%, 0, 000%, -42dBm, 001, 94, 118
09:41, 100%, 1, 000%, -42dBm, 001, 103, 124
09:42, 100%, 2, 000%, -42dBm, 001, 112, 132
09:44, 100%, 2, 000%, -44dBm, 001, 120, 139
09:45, 100%, 1, 000%, -46dBm, 001, 128, 148
09:46, 100%, 1, 000%, -47dBm, 001, 136, 157
09:47, 100%, 2, 000%, -47dBm, 001, 144, 165
09:48, 100%, 1, 000%, -48dBm, 001, 152, 173
09:49, 100%, 2, 000%, -52dBm, 001, 160, 182
09:50, 100%, 2, 000%, -54dBm, 001, 168, 188
09:51, 100%, 2, 000%, -53dBm, 001, 176, 193
09:52, 100%, 1, 000%, -54dBm, 001, 184, 200
09:53, 100%, 2, 000%, -58dBm, 001, 193, 206
09:54, 095%, 1, 000%, -57dBm, 001, 195, 211
09:55, 100%, 1, 000%, -58dBm, 001, 198, 210
09:56, 090%, 2, 000%, -60dBm, 001, 198, 208
09:57, 095%, 1, 000%, -53dBm, 001, 195, 201
09:58, 100%, 2, 000%, -56dBm, 001, 193, 189
09:59, 100%, 1, 000%, -61dBm, 001, 192, 173
10:00, 100%, 0, 000%, -62dBm, 001, 191, 159
10:01, 100%, 0, 000%, -55dBm, 001, 190, 142
10:02, 100%, 0, 000%, -53dBm, 001, 189, 127
10:03, 100%, 1, 000%, -54dBm, 001, 188, 111
10:04, 100%, 2, 000%, -52dBm, 001, 188, 96
10:05, 100%, 1, 000%, -48dBm, 001, 187, 79
10:06, 095%, 0, 000%, -51dBm, 001, 187, 64
10:07, 100%, 1, 000%, -52dBm, 001, 186, 51
10:08, 095%, 1, 000%, -50dBm, 001, 185, 39
10:09, 100%, 0, 000%, -53dBm, 001, 184, 29
10:10, 100%, 1, 000%, -56dBm, 001, 184, 27
10:11, 095%, 1, 000%, -59dBm, 001, 183, 32
10:12, 100%, 1, 000%, -62dBm, 001, 183, 40
10:13, 100%, 1, 000%, -67dBm, 001, 183, 50
10:14, 095%, 0, 000%, -66dBm, 001, 183, 59
10:15, 090%, 0, 000%, -66dBm, 001, 183, 71
10:16, 100%, 0, 000%, -68dBm, 001, 182, 81
10:17, 100%, 0, 000%, -66dBm, 001, 182, 91
10:18, 100%, 0, 000%, -66dBm, 001, 182, 102
10:19, 100%, 0, 000%, -66dBm, 001, 182, 112
10:20, 100%, 0, 000%, -67dBm, 001, 182, 123
10:21, 100%, 0, 000%, -67dBm, 001, 182, 132
10:22, 095%, 0, 000%, -65dBm, 001, 182, 143
10:23, 100%, 0, 000%, -71dBm, 001, 182, 152
10:24, 090%, 0, 000%, -72dBm, 001, 183, 161
10:25, 085%, 0, 000%, -65dBm, 001, 184, 167
10:26, 100%, 0, 000%, -61dBm, 001, 185, 173
10:27, 090%, 0, 000%, -61dBm, 001, 184, 178
10:28, 100%, 0, 000%, -65dBm, 001, 183, 184
10:29, 100%, 0, 000%, -61dBm, 001, 181, 192
10:30, 100%, 0, 000%, -61dBm, 001, 180, 198
10:31, 100%, 1, 000%, -62dBm, 001, 180, 205
10:32, 100%, 1, 000%, -62dBm, 001, 181, 210
10:33, 100%, 0, 000%, -63dBm, 001, 181, 215
10:34, 100%, 0, 000%, -59dBm, 001, 179, 215
10:35, 100%, 0, 000%, -67dBm, 001, 178, 214
10:36, 100%, 0, 000%, -57dBm, 001, 176, 210
10:37, 100%, 0, 000%, -52dBm, 001, 175, 202
10:38, 100%, 0, 000%, -51dBm, 001, 174, 194
10:39, 100%, 0, 000%, -53dBm, 001, 174, 183
10:40, 100%, 0, 000%, -50dBm, 001, 175, 175
10:41, 100%, 0, 000%, -52dBm, 001, 176, 169
10:42, 100%, 0, 000%, -50dBm, 001, 177, 163
10:43, 100%, 0, 000%, -52dBm, 001, 178, 159
10:44, 090%, 0, 000%, -52dBm, 001, 178, 156
10:45, 100%, 0, 000%, -52dBm, 001, 178, 155
10:46, 100%, 0, 000%, -53dBm, 001, 178, 156
10:47, 100%, 0, 000%, -57dBm, 001, 177, 158
10:48, 100%, 0, 000%, -58dBm, 001, 178, 161
10:49, 100%, 0, 000%, -60dBm, 001, 178, 165
10:50, 100%, 0, 000%, -59dBm, 001, 178, 169
10:51, 075%, 0, 000%, -60dBm, 001, 177, 174
10:52, 100%, 0, 000%, -60dBm, 001, 177, 180
10:53, 100%, 0, 000%, -62dBm, 001, 176, 184
10:54, 100%, 0, 000%, -60dBm, 001, 174, 189
10:55, 100%, 0, 000%, -61dBm, 001, 174, 193
10:56, 100%, 0, 000%, -61dBm, 001, 175, 197
10:57, 090%, 0, 000%, -56dBm, 001, 176, 203
10:58, 100%, 0, 000%, -54dBm, 001, 176, 208
10:59, 100%, 1, 000%, -53dBm, 001, 176, 215
10:59, 100%, 1, 000%, -57dBm, 001, 175, 222
11:00, 100%, 0, 000%, -56dBm, 001, 175, 228
11:01, 100%, 0, 000%, -56dBm, 001, 174, 234
11:02, 100%, 0, 000%, -56dBm, 001, 174, 239
11:03, 100%, 0, 000%, -53dBm, 001, 174, 244
11:04, 100%, 0, 000%, -53dBm, 001, 175, 248
11:05, 100%, 0, 000%, -52dBm, 001, 175, 253
11:06, 085%, 0, 000%, -52dBm, 001, 174, 258
11:08, 100%, 0, 000%, -53dBm, 001, 173, 265
11:09, 100%, 0, 000%, -57dBm, 001, 172, 272
11:10, 100%, 0, 000%, -57dBm, 001, 172, 282
11:11, 100%, 0, 000%, -61dBm, 001, 172, 288
11:12, 100%, 0, 000%, -61dBm, 001, 172, 292
11:13, 100%, 0, 000%, -55dBm, 001, 170, 293
11:14, 100%, 0, 000%, -58dBm, 001, 168, 291
11:15, 095%, 0, 000%, -50dBm, 001, 167, 285
11:16, 100%, 0, 000%, -48dBm, 001, 167, 277
11:17, 100%, 0, 000%, -47dBm, 001, 167, 270
11:18, 100%, 0, 000%, -47dBm, 001, 167, 264
11:19, 100%, 0, 000%, -47dBm, 001, 166, 257
11:20, 100%, 0, 000%, -48dBm, 001, 165, 247
11:20, 100%, 0, 000%, -48dBm, 001, 163, 240
11:21, 100%, 0, 000%, -49dBm, 001, 162, 233
11:22, 100%, 0, 000%, -48dBm, 001, 162, 228
11:23, 100%, 0, 000%, -50dBm, 001, 162, 224
11:24, 100%, 0, 000%, -48dBm, 001, 162, 222
11:25, 100%, 0, 000%, -48dBm, 001, 163, 219
11:26, 090%, 0, 000%, -49dBm, 001, 163, 218
11:27, 085%, 0, 000%, -54dBm, 001, 162, 217
11:29, 100%, 0, 000%, -58dBm, 001, 160, 216
11:30, 100%, 0, 000%, -57dBm, 001, 160, 217
11:31, 090%, 0, 000%, -58dBm, 001, 159, 218
11:32, 095%, 0, 000%, -59dBm, 001, 159, 216
11:33, 105%, 0, 000%, -61dBm, 001, 160, 217
11:34, 100%, 1, 000%, -62dBm, 001, 159, 215
11:35, 095%, 1, 000%, -61dBm, 001, 158, 214
11:36, 100%, 0, 000%, -61dBm, 001, 158, 212
11:37, 100%, 1, 000%, -60dBm, 001, 157, 211
11:38, 100%, 1, 000%, -57dBm, 001, 157, 205
11:39, 100%, 1, 000%, -56dBm, 001, 158, 197
11:40, 090%, 1, 000%, -58dBm, 001, 159, 188
11:41, 100%, 0, 000%, -63dBm, 001, 159, 178
11:42, 100%, 0, 000%, -65dBm, 001, 156, 175
11:43, 090%, 0, 000%, -63dBm, 001, 156, 181
11:44, 085%, 0, 000%, -67dBm, 001, 157, 188
11:45, 085%, 0, 000%, -73dBm, 001, 157, 197
11:45, 080%, 0, 000%, -73dBm, 001, 157, 206
11:46, 100%, 0, 000%, -70dBm, 001, 157, 215
11:47, 100%, 0, 000%, -65dBm, 001, 157, 223
11:48, 100%, 0, 000%, -67dBm, 001, 158, 231
11:49, 100%, 0, 000%, -59dBm, 001, 157, 235
11:50, 085%, 1, 000%, -58dBm, 001, 157, 235
11:52, 100%, 1, 000%, -49dBm, 001, 156, 230
11:53, 100%, 0, 000%, -47dBm, 001, 156, 221
11:54, 100%, 0, 000%, -51dBm, 001, 155, 211
11:55, 100%, 0, 000%, -58dBm, 001, 153, 202
11:56, 100%, 0, 000%, -56dBm, 001, 152, 192
11:57, 100%, 0, 000%, -58dBm, 001, 151, 180
11:58, 100%, 0, 000%, -57dBm, 001, 151, 169
11:59, 100%, 0, 000%, -54dBm, 001, 150, 156
12:00, 100%, 0, 000%, -54dBm, 001, 149, 144
12:01, 095%, 0, 000%, -53dBm, 001, 147, 130
12:02, 100%, 2, 000%, -52dBm, 001, 146, 117
12:03, 100%, 2, 000%, -53dBm, 001, 145, 104
12:04, 100%, 1, 000%, -55dBm, 001, 144, 89
12:05, 100%, 0, 000%, -51dBm, 001, 143, 76
12:06, 100%, 0, 000%, -51dBm, 001, 143, 64
12:07, 100%, 0, 000%, -56dBm, 001, 142, 53
12:08, 100%, 0, 000%, -55dBm, 001, 143, 43
12:09, 100%, 0, 000%, -54dBm, 001, 143, 34
12:10, 100%, 0, 000%, -54dBm, 001, 143, 27
12:12, 100%, 0, 000%, -56dBm, 001, 143, 22
12:13, 095%, 0, 000%, -56dBm, 001, 142, 20
12:13, 105%, 1, 000%, -57dBm, 001, 141, 22
12:14, 100%, 1, 000%, -57dBm, 001, 140, 29
12:15, 095%, 0, 000%, -57dBm, 001, 139, 39
12:16, 100%, 0, 000%, -56dBm, 001, 138, 51
12:17, 095%, 0, 000%, -61dBm, 001, 137, 61
12:18, 100%, 0, 000%, -60dBm, 001, 136, 72
12:19, 090%, 0, 000%, -64dBm, 001, 136, 85
12:20, 090%, 0, 000%, -62dBm, 001, 136, 97
12:21, 100%, 0, 000%, -57dBm, 001, 135, 107
12:22, 100%, 0, 000%, -54dBm, 001, 135, 116
12:23, 090%, 1, 000%, -50dBm, 001, 134, 126
12:24, 100%, 1, 000%, -57dBm, 001, 133, 135
12:25, 100%, 0, 000%, -61dBm, 001, 133, 145
12:26, 100%, 0, 000%, -66dBm, 001, 133, 153
12:27, 100%, 0, 000%, -63dBm, 001, 133, 160
12:28, 090%, 0, 000%, -68dBm, 001, 132, 166
12:29, 100%, 0, 000%, -62dBm, 001, 130, 174
12:30, 100%, 0, 000%, -62dBm, 001, 129, 182
12:31, 095%, 0, 000%, -71dBm, 001, 129, 190
12:32, 105%, 0, 000%, -61dBm, 001, 129, 197
12:33, 090%, 0, 000%, -59dBm, 001, 129, 203
12:34, 100%, 0, 000%, -59dBm, 001, 129, 209
12:35, 100%, 0, 000%, -62dBm, 001, 128, 216
12:36, 090%, 0, 000%, -63dBm, 001, 127, 222
12:37, 100%, 0, 000%, -57dBm, 001, 125, 225
12:38, 095%, 0, 000%, -50dBm, 001, 124, 226
12:39, 100%, 0, 000%, -52dBm, 001, 123, 225
12:40, 100%, 0, 000%, -55dBm, 001, 122, 221
12:41, 100%, 0, 000%, -47dBm, 001, 122, 215
12:42, 100%, 0, 000%, -45dBm, 001, 121, 210
12:43, 100%, 0, 000%, -46dBm, 001, 122, 206
12:44, 100%, 0, 000%, -47dBm, 001, 122, 202
12:45, 100%, 0, 000%, -49dBm, 001, 122, 200
12:46, 100%, 0, 000%, -53dBm, 001, 121, 198
12:47, 100%, 0, 000%, -52dBm, 001, 120, 197
12:48, 100%, 0, 000%, -52dBm, 001, 120, 195
12:49, 100%, 0, 000%, -53dBm, 001, 119, 197
12:50, 090%, 0, 000%, -52dBm, 001, 119, 200
12:51, 100%, 0, 000%, -49dBm, 001, 120, 203
12:52, 100%, 0, 000%, -48dBm, 001, 121, 205
12:54, 100%, 0, 000%, -49dBm, 001, 120, 209
12:55, 100%, 0, 000%, -49dBm, 001, 119, 211
12:55, 100%, 0, 000%, -50dBm, 001, 118, 213
12:56, 100%, 0, 000%, -52dBm, 001, 117, 217
12:57, 100%, 0, 000%, -56dBm, 001, 117, 222
12:58, 095%, 0, 000%, -54dBm, 001, 117, 229
12:59, 100%, 0, 000%, -57dBm, 001, 117, 236
12:59, 105%, 0, 000%, -62dBm, 001, 116, 242
13:01, 080%, 0, 000%, -67dBm, 001, 116, 249
13:02, 080%, 0, 000%, -71dBm, 001, 115, 256
13:03, 090%, 0, 000%, -69dBm, 001, 115, 262
13:04, 100%, 0, 000%, -68dBm, 001, 115, 268
13:05, 100%, 0, 000%, -68dBm, 001, 114, 275
13:05, 065%, 0, 000%, -70dBm, 001, 114, 283
13:06, 100%, 0, 000%, -70dBm, 001, 114, 288
13:07, 045%, 0, 000%, -70dBm, 001, 113, 293
13:08, 100%, 0, 000%, -64dBm, 001, 113, 298
13:09, 065%, 0, 000%, -64dBm, 001, 112, 297
13:10, 095%, 0, 000%, -66dBm, 001, 110, 292
13:11, 100%, 0, 000%, -57dBm, 001, 109, 285
13:12, 100%, 0, 000%, -56dBm, 001, 107, 273
13:14, 090%, 0, 000%, -63dBm, 001, 105, 263
13:15, 095%, 0, 000%, -57dBm, 001, 104, 250
13:16, 100%, 0, 000%, -58dBm, 001, 104, 236
13:17, 105%, 0, 000%, -58dBm, 001, 103, 227
13:18, 100%, 0, 000%, -58dBm, 001, 104, 221
13:19, 095%, 0, 000%, -56dBm, 001, 103, 217
13:20, 100%, 0, 000%, -61dBm, 001, 102, 218
13:21, 105%, 0, 000%, -63dBm, 001, 102, 221
13:22, 100%, 0, 000%, -63dBm, 001, 103, 222
13:23, 100%, 0, 000%, -61dBm, 001, 103, 222
13:24, 100%, 0, 000%, -61dBm, 001, 103, 222
13:25, 100%, 0, 000%, -62dBm, 001, 104, 224
13:26, 100%, 2, 000%, -64dBm, 001, 104, 224
13:26, 100%, 0, 000%, -62dBm, 001, 103, 224
13:27, 100%, 0, 000%, -61dBm, 001, 103, 226
13:28, 100%, 0, 000%, -62dBm, 001, 102, 225
13:29, 100%, 0, 000%, -61dBm, 001, 101, 225
13:30, 100%, 0, 000%, -58dBm, 001, 101, 226
13:31, 100%, 1, 000%, -58dBm, 001, 101, 226
13:32, 100%, 1, 000%, -59dBm, 001, 99, 225
13:33, 100%, 0, 000%, -49dBm, 001, 98, 219
13:35, 100%, 0, 000%, -45dBm, 001, 97, 211
13:36, 090%, 2, 000%, -45dBm, 001, 94, 198
13:37, 100%, 1, 000%, -45dBm, 001, 93, 184
13:38, 100%, 1, 000%, -48dBm, 001, 93, 173
13:39, 100%, 0, 000%, -47dBm, 001, 93, 162
13:40, 095%, 0, 000%, -44dBm, 001, 93, 152
13:41, 100%, 0, 000%, -43dBm, 001, 92, 141
13:42, 100%, 0, 000%, -43dBm, 001, 92, 130
13:43, 095%, 0, 000%, -43dBm, 001, 91, 121
13:44, 105%, 0, 000%, -49dBm, 001, 91, 110
13:45, 095%, 0, 000%, -55dBm, 001, 90, 98
13:46, 105%, 0, 000%, -50dBm, 001, 88, 90
13:47, 095%, 2, 000%, -49dBm, 001, 87, 77
13:47, 100%, 0, 000%, -47dBm, 001, 86, 66
13:48, 090%, 0, 000%, -47dBm, 001, 84, 55
13:49, 105%, 0, 000%, -44dBm, 001, 84, 42
13:50, 095%, 0, 000%, -44dBm, 001, 84, 31
13:51, 100%, 0, 000%, -58dBm, 001, 84, 22
13:52, 100%, 0, 000%, -62dBm, 001, 84, 13
13:53, 100%, 0, 000%, -64dBm, 001, 83, 7
13:54, 100%, 2, 000%, -61dBm, 001, 83, 13
13:55, 100%, 0, 000%, -61dBm, 001, 84, 21
13:56, 075%, 0, 000%, -64dBm, 001, 83, 30
13:58, 060%, 0, 000%, -66dBm, 001, 83, 39
13:59, 100%, 0, 000%, -65dBm, 001, 82, 48
14:00, 040%, 0, 000%, -49dBm, 001, 82, 59
14:01, 100%, 0, 000%, -47dBm, 001, 81, 67
14:02, 100%, 0, 000%, -52dBm, 001, 81, 78
14:03, 100%, 0, 000%, -58dBm, 001, 81, 87
14:04, 100%, 0, 000%, -56dBm, 001, 82, 96
14:05, 100%, 0, 000%, -59dBm, 001, 83, 103
14:06, 100%, 0, 000%, -66dBm, 001, 83, 110
14:07, 100%, 0, 000%, -59dBm, 001, 83, 118
14:08, 100%, 0, 000%, -62dBm, 001, 82, 126
14:08, 100%, 0, 000%, -60dBm, 001, 82, 135
14:10, 095%, 0, 000%, -56dBm, 001, 82, 144
14:11, 095%, 0, 000%, -56dBm, 001, 82, 152
14:12, 100%, 0, 000%, -59dBm, 001, 83, 160
14:13, 100%, 0, 000%, -61dBm, 001, 84, 166
14:14, 100%, 0, 000%, -58dBm, 001, 85, 172
14:15, 100%, 0, 000%, -57dBm, 001, 85, 178
14:16, 100%, 0, 000%, -58dBm, 001, 85, 186
14:18, 100%, 1, 000%, -65dBm, 001, 83, 193
14:19, 100%, 1, 000%, -71dBm, 001, 82, 199
14:20, 065%, 0, 000%, -71dBm, 001, 81, 205
14:21, 100%, 0, 000%, -70dBm, 001, 81, 210
14:22, 085%, 0, 000%, -68dBm, 001, 80, 214
14:22, 095%, 0, 000%, -68dBm, 001, 80, 217
14:22, 105%, 0, 000%, -67dBm, 001, 79, 216
14:24, 055%, 0, 000%, -68dBm, 001, 78, 214
14:25, 080%, 0, 000%, -63dBm, 001, 76, 209
14:26, 105%, 0, 000%, -62dBm, 001, 75, 204
14:27, 100%, 0, 000%, -58dBm, 001, 73, 201
14:28, 100%, 0, 000%, -67dBm, 001, 73, 199
14:29, 100%, 0, 000%, -63dBm, 001, 73, 197
14:30, 100%, 0, 000%, -65dBm, 001, 74, 196
14:31, 085%, 0, 000%, -70dBm, 001, 74, 195
14:32, 100%, 0, 000%, -66dBm, 001, 74, 195
14:33, 100%, 0, 000%, -65dBm, 001, 73, 196
14:34, 100%, 0, 000%, -54dBm, 001, 72, 200
14:35, 100%, 0, 000%, -56dBm, 001, 71, 203
14:36, 100%, 0, 000%, -56dBm, 001, 69, 209
14:37, 095%, 0, 000%, -62dBm, 001, 69, 216
14:39, 100%, 0, 000%, -56dBm, 001, 68, 224
14:40, 100%, 0, 000%, -56dBm, 001, 68, 232
14:41, 095%, 0, 000%, -55dBm, 001, 68, 239
14:42, 100%, 0, 000%, -54dBm, 001, 68, 245
14:43, 100%, 0, 000%, -55dBm, 001, 68, 252
14:43, 095%, 0, 000%, -59dBm, 001, 67, 257
14:44, 105%, 0, 000%, -59dBm, 001, 67, 264
14:45, 090%, 0, 000%, -61dBm, 001, 67, 269
14:46, 100%, 0, 000%, -56dBm, 001, 66, 272
14:47, 100%, 0, 000%, -52dBm, 001, 65, 270
14:48, 100%, 0, 000%, -61dBm, 001, 65, 265
14:49, 100%, 0, 000%, -46dBm, 001, 64, 259
14:50, 100%, 0, 000%, -44dBm, 001, 62, 248
14:51, 100%, 0, 000%, -47dBm, 001, 60, 237
14:52, 100%, 0, 000%, -48dBm, 001, 58, 228
14:53, 100%, 0, 000%, -49dBm, 001, 56, 219
14:54, 100%, 0, 000%, -49dBm, 001, 54, 213
14:55, 100%, 0, 000%, -51dBm, 001, 52, 211
14:56, 100%, 0, 000%, -56dBm, 001, 50, 212
14:57, 100%, 0, 000%, -59dBm, 001, 49, 214
14:58, 100%, 0, 000%, -57dBm, 001, 48, 219
15:00, 100%, 0, 000%, -56dBm, 001, 49, 221
15:01, 100%, 1, 000%, -54dBm, 001, 48, 224
15:02, 095%, 1, 000%, -53dBm, 001, 47, 226
15:03, 105%, 1, 000%, -53dBm, 001, 46, 227
15:04, 095%, 0, 000%, -53dBm, 001, 45, 228
15:04, 100%, 0, 000%, -52dBm, 001, 45, 230
15:05, 100%, 0, 000%, -47dBm, 001, 44, 226
15:06, 105%, 0, 000%, -41dBm, 001, 43, 218
15:07, 095%, 0, 000%, -39dBm, 001, 40, 205
15:08, 105%, 0, 000%, -42dBm, 001, 39, 192
15:09, 075%, 0, 000%, -48dBm, 001, 37, 177
15:10, 105%, 1, 000%, -57dBm, 001, 35, 165
15:11, 095%, 1, 000%, -47dBm, 001, 34, 152
15:12, 100%, 1, 000%, -43dBm, 001, 34, 140
15:13, 100%, 0, 000%, -42dBm, 001, 34, 130
15:13, 100%, 0, 000%, -42dBm, 001, 34, 118
15:14, 100%, 0, 000%, -43dBm, 001, 35, 108
15:15, 100%, 0, 000%, -49dBm, 001, 35, 99
15:16, 100%, 0, 000%, -53dBm, 001, 35, 88
15:17, 100%, 0, 000%, -44dBm, 001, 35, 79
15:18, 100%, 0, 000%, -50dBm, 001, 33, 70
15:20, 100%, 0, 000%, -47dBm, 001, 32, 60
15:21, 100%, 0, 000%, -45dBm, 001, 31, 52
15:22, 100%, 0, 000%, -49dBm, 001, 29, 42
15:23, 090%, 0, 000%, -48dBm, 001, 28, 31
15:24, 100%, 1, 000%, -56dBm, 001, 27, 24
15:25, 100%, 2, 000%, -61dBm, 001, 26, 27
15:26, 100%, 1, 000%, -63dBm, 001, 26, 33
15:27, 095%, 0, 000%, -67dBm, 001, 27, 38
15:28, 100%, 0, 000%, -57dBm, 001, 27, 45
15:29, 100%, 0, 000%, -52dBm, 001, 29, 53
15:30, 100%, 1, 000%, -52dBm, 001, 35, 65
15:31, 100%, 1, 000%, -57dBm, 001, 44, 77
15:32, 100%, 1, 000%, -56dBm, 001, 54, 88
15:33, 100%, 2, 000%, -53dBm, 001, 63, 99
15:34, 100%, 1, 000%, -44dBm, 001, 73, 107
15:34, 100%, 1, 000%, -40dBm, 001, 81, 117
15:35, 100%, 1, 000%, -40dBm, 001, 90, 126
15:36, 100%, 1, 000%, -46dBm, 001, 98, 134
15:37, 100%, 1, 000%, -44dBm, 001, 106, 142
15:38, 100%, 2, 000%, -45dBm, 001, 115, 147
15:39, 090%, 2, 000%, -50dBm, 001, 124, 152
15:41, 100%, 2, 000%, -50dBm, 001, 133, 156
15:42, 100%, 1, 000%, -49dBm, 001, 142, 160
15:43, 100%, 2, 000%, -47dBm, 001, 149, 164
15:44, 100%, 1, 000%, -46dBm, 001, 159, 170
15:45, 100%, 2, 000%, -49dBm, 001, 167, 176
15:46, 100%, 2, 000%, -53dBm, 001, 175, 178
15:47, 100%, 2, 000%, -54dBm, 001, 182, 180
15:48, 100%, 1, 000%, -59dBm, 001, 187, 180
15:49, 100%, 2, 000%, -54dBm, 001, 193, 179
15:50, 095%, 1, 000%, -53dBm, 001, 194, 179
15:51, 100%, 2, 000%, -51dBm, 001, 195, 178
15:52, 100%, 2, 000%, -63dBm, 001, 198, 177
15:53, 100%, 2, 000%, -61dBm, 001, 201, 174
15:54, 100%, 1, 000%, -61dBm, 001, 202, 172
15:55, 100%, 2, 000%, -62dBm, 001, 203, 168
15:55, 100%, 2, 000%, -62dBm, 001, 202, 165
15:56, 100%, 1, 000%, -62dBm, 001, 202, 158
15:57, 095%, 2, 000%, -54dBm, 001, 201, 150
15:58, 100%, 2, 000%, -49dBm, 001, 201, 140
15:59, 105%, 1, 000%, -49dBm, 001, 199, 128
16:00, 100%, 0, 000%, -50dBm, 001, 196, 118
16:02, 100%, 0, 000%, -48dBm, 001, 195, 107
16:03, 075%, 0, 000%, -47dBm, 001, 194, 96
16:04, 095%, 0, 000%, -48dBm, 001, 194, 85
16:05, 105%, 1, 000%, -55dBm, 001, 194, 77
16:06, 100%, 1, 000%, -56dBm, 001, 193, 70
16:07, 095%, 0, 000%, -55dBm, 001, 193, 66
16:08, 105%, 0, 000%, -56dBm, 001, 191, 61
16:09, 100%, 1, 000%, -53dBm, 001, 191, 59
16:10, 100%, 1, 000%, -52dBm, 001, 190, 60
16:11, 100%, 0, 000%, -52dBm, 001, 188, 66
16:12, 100%, 0, 000%, -54dBm, 001, 187, 74
16:13, 100%, 0, 000%, -57dBm, 001, 187, 85
16:14, 100%, 0, 000%, -59dBm, 001, 186, 97
16:15, 100%, 0, 000%, -56dBm, 001, 185, 108
16:16, 080%, 0, 000%, -58dBm, 001, 185, 123
16:16, 100%, 0, 000%, -62dBm, 001, 186, 136
16:17, 100%, 0, 000%, -62dBm, 001, 187, 148
16:19, 090%, 0, 000%, -67dBm, 001, 188, 156
16:20, 095%, 0, 000%, -65dBm, 001, 188, 166
16:21, 100%, 0, 000%, -62dBm, 001, 187, 176
16:21, 100%, 0, 000%, -65dBm, 001, 187, 185
16:24, 095%, 0, 000%, -66dBm, 001, 186, 195
16:24, 105%, 0, 000%, -67dBm, 001, 187, 204
16:26, 095%, 0, 000%, -66dBm, 001, 187, 214
16:26, 095%, 0, 000%, -73dBm, 001, 186, 225
16:27, 090%, 0, 000%, -67dBm, 001, 185, 231
16:28, 095%, 1, 000%, -58dBm, 001, 185, 234
16:29, 105%, 1, 000%, -57dBm, 001, 184, 236
16:30, 100%, 0, 000%, -61dBm, 001, 182, 233
16:31, 100%, 0, 000%, -51dBm, 001, 180, 229
16:32, 100%, 0, 000%, -49dBm, 001, 178, 225
16:32, 100%, 0, 000%, -48dBm, 001, 176, 220
16:34, 095%, 0, 000%, -48dBm, 001, 175, 216
16:35, 105%, 0, 000%, -48dBm, 001, 175, 216
16:36, 100%, 0, 000%, -52dBm, 001, 176, 217
16:37, 075%, 0, 000%, -56dBm, 001, 178, 219
16:38, 095%, 0, 000%, -54dBm, 001, 178, 220
16:39, 100%, 0, 000%, -54dBm, 001, 178, 221
16:40, 100%, 0, 000%, -57dBm, 001, 178, 222
16:41, 100%, 0, 000%, -56dBm, 001, 177, 221
16:42, 100%, 0, 000%, -54dBm, 001, 175, 220
16:43, 100%, 0, 000%, -52dBm, 001, 175, 218
16:45, 100%, 0, 000%, -54dBm, 001, 174, 219
16:46, 100%, 0, 000%, -54dBm, 001, 173, 223
16:47, 100%, 0, 000%, -56dBm, 001, 173, 227
16:48, 100%, 0, 000%, -53dBm, 001, 173, 231
16:48, 100%, 0, 000%, -53dBm, 001, 173, 235
16:49, 100%, 0, 000%, -50dBm, 001, 172, 239
16:50, 100%, 0, 000%, -50dBm, 001, 171, 241
16:50, 100%, 0, 000%, -56dBm, 001, 170, 242
16:51, 100%, 0, 000%, -56dBm, 001, 170, 245
16:52, 090%, 0, 000%, -54dBm, 001, 171, 248
16:54, 090%, 0, 000%, -52dBm, 001, 171, 251
16:55, 100%, 0, 000%, -53dBm, 001, 172, 253
16:56, 100%, 0, 000%, -55dBm, 001, 172, 258
16:57, 100%, 0, 000%, -58dBm, 001, 172, 261
16:58, 100%, 0, 000%, -59dBm, 001, 171, 269
16:59, 100%, 0, 000%, -57dBm, 001, 171, 274
17:00, 100%, 0, 000%, -58dBm, 001, 171, 279
17:00, 100%, 0, 000%, -57dBm, 001, 171, 281
17:01, 100%, 0, 000%, -56dBm, 001, 169, 278
17:03, 090%, 0, 000%, -48dBm, 001, 168, 272
17:04, 100%, 0, 000%, -48dBm, 001, 166, 264
17:05, 100%, 0, 000%, -48dBm, 001, 164, 256
17:07, 095%, 0, 000%, -48dBm, 001, 164, 246
17:08, 100%, 0, 000%, -44dBm, 001, 163, 236
17:09, 100%, 0, 000%, -48dBm, 001, 163, 227
17:09, 100%, 0, 000%, -50dBm, 001, 162, 219
17:10, 095%, 0, 000%, -50dBm, 001, 161, 213
17:11, 105%, 0, 000%, -52dBm, 001, 161, 210
17:12, 100%, 0, 000%, -56dBm, 001, 161, 210
17:13, 090%, 0, 000%, -58dBm, 001, 162, 211
17:14, 100%, 0, 000%, -61dBm, 001, 162, 211
17:15, 090%, 0, 000%, -59dBm, 001, 162, 213
17:16, 100%, 0, 000%, -57dBm, 001, 161, 212
17:17, 100%, 0, 000%, -60dBm, 001, 159, 214
17:18, 100%, 0, 000%, -62dBm, 001, 158, 212
17:18, 100%, 0, 000%, -64dBm, 001, 156, 214
17:20, 095%, 0, 000%, -59dBm, 001, 155, 216
17:21, 105%, 0, 000%, -56dBm, 001, 155, 219
17:22, 100%, 0, 000%, -57dBm, 001, 154, 219
17:23, 100%, 0, 000%, -59dBm, 001, 153, 221
17:23, 100%, 0, 000%, -60dBm, 001, 152, 217
17:24, 100%, 0, 000%, -48dBm, 001, 151, 211
17:26, 090%, 0, 000%, -48dBm, 001, 150, 198
17:27, 100%, 0, 000%, -50dBm, 001, 149, 187
17:28, 095%, 0, 000%, -63dBm, 001, 148, 174
17:29, 105%, 1, 000%, -61dBm, 001, 147, 162
17:30, 095%, 2, 000%, -53dBm, 001, 145, 148
17:31, 100%, 1, 000%, -49dBm, 001, 144, 134
17:32, 105%, 1, 000%, -48dBm, 001, 143, 119
17:33, 100%, 0, 000%, -49dBm, 001, 142, 105
17:34, 090%, 0, 000%, -51dBm, 001, 141, 89
17:35, 100%, 0, 000%, -51dBm, 001, 141, 74
17:36, 100%, 0, 000%, -49dBm, 001, 140, 61
17:37, 100%, 0, 000%, -50dBm, 001, 139, 47
17:38, 090%, 1, 000%, -52dBm, 001, 138, 34
17:39, 100%, 1, 000%, -53dBm, 001, 138, 26
17:40, 095%, 1, 000%, -52dBm, 001, 137, 24
17:40, 100%, 1, 000%, -53dBm, 001, 136, 29
17:41, 090%, 0, 000%, -59dBm, 001, 136, 37
17:42, 105%, 0, 000%, -65dBm, 001, 135, 49
17:43, 100%, 0, 000%, -65dBm, 001, 135, 58
17:44, 070%, 0, 000%, -66dBm, 001, 134, 72
17:45, 090%, 0, 000%, -64dBm, 001, 133, 83
17:47, 100%, 0, 000%, -61dBm, 001, 133, 96
17:48, 100%, 0, 000%, -58dBm, 001, 133, 108
17:49, 100%, 0, 000%, -56dBm, 001, 132, 120
17:50, 100%, 0, 000%, -64dBm, 001, 133, 132
17:51, 100%, 1, 000%, -61dBm, 001, 134, 141
17:52, 095%, 1, 000%, -61dBm, 001, 135, 151
17:53, 105%, 0, 000%, -64dBm, 001, 135, 158
17:54, 100%, 0, 000%, -68dBm, 001, 135, 167
17:55, 100%, 0, 000%, -63dBm, 001, 135, 175
17:56, 095%, 0, 000%, -63dBm, 001, 135, 184
17:57, 105%, 0, 000%, -60dBm, 001, 136, 191
17:58, 100%, 0, 000%, -61dBm, 001, 136, 198
17:59, 100%, 0, 000%, -67dBm, 001, 136, 204
18:00, 100%, 0, 000%, -68dBm, 001, 135, 211
18:01, 100%, 0, 000%, -65dBm, 001, 134, 217
18:02, 090%, 0, 000%, -60dBm, 001, 133, 224
18:03, 090%, 0, 000%, -54dBm, 001, 132, 226
18:03, 100%, 0, 000%, -53dBm, 001, 132, 227
18:04, 100%, 0, 000%, -55dBm, 001, 131, 223
18:05, 095%, 0, 000%, -45dBm, 001, 129, 216
18:06, 105%, 0, 000%, -44dBm, 001, 126, 208
18:08, 100%, 0, 000%, -43dBm, 001, 125, 201
18:09, 100%, 0, 000%, -43dBm, 001, 124, 195
18:10, 095%, 1, 000%, -44dBm, 001, 125, 189
18:11, 100%, 1, 000%, -46dBm, 001, 126, 186
18:12, 100%, 0, 000%, -48dBm, 001, 127, 186
18:13, 095%, 0, 000%, -50dBm, 001, 127, 187
18:14, 105%, 0, 000%, -50dBm, 001, 126, 186
18:15, 100%, 0, 000%, -51dBm, 001, 126, 185
18:16, 090%, 0, 000%, -53dBm, 001, 125, 184
18:17, 095%, 0, 000%, -53dBm, 001, 123, 185
18:18, 100%, 0, 000%, -53dBm, 001, 123, 188
18:19, 100%, 0, 000%, -53dBm, 001, 124, 194
18:20, 100%, 0, 000%, -49dBm, 001, 124, 201
18:21, 100%, 0, 000%, -50dBm, 001, 124, 209
18:22, 090%, 0, 000%, -52dBm, 001, 124, 217
18:22, 100%, 0, 000%, -54dBm, 001, 125, 224
18:23, 095%, 0, 000%, -55dBm, 001, 125, 231
18:24, 105%, 0, 000%, -57dBm, 001, 125, 239
18:25, 090%, 0, 000%, -58dBm, 001, 124, 247
18:26, 100%, 0, 000%, -61dBm, 001, 124, 253
18:27, 100%, 0, 000%, -61dBm, 001, 124, 260
18:29, 085%, 0, 000%, -68dBm, 001, 123, 266
18:30, 100%, 0, 000%, -66dBm, 001, 123, 271
18:31, 095%, 0, 000%, -66dBm, 001, 122, 275
18:32, 105%, 0, 000%, -67dBm, 001, 121, 274
18:33, 085%, 0, 000%, -62dBm, 001, 119, 270
18:34, 100%, 0, 000%, -57dBm, 001, 118, 263
18:35, 100%, 0, 000%, -58dBm, 001, 117, 256
18:35, 095%, 0, 000%, -54dBm, 001, 116, 247
18:36, 095%, 0, 000%, -55dBm, 001, 116, 242
18:37, 100%, 0, 000%, -53dBm, 001, 116, 237
18:38, 100%, 0, 000%, -54dBm, 001, 116, 233
18:39, 100%, 0, 000%, -55dBm, 001, 116, 232
18:40, 100%, 0, 000%, -56dBm, 001, 117, 230
18:41, 100%, 1, 000%, -61dBm, 001, 117, 229
18:42, 100%, 1, 000%, -61dBm, 001, 117, 229
18:43, 100%, 0, 000%, -58dBm, 001, 116, 228
18:44, 100%, 0, 000%, -57dBm, 001, 115, 227
18:45, 090%, 0, 000%, -60dBm, 001, 115, 227
18:46, 100%, 0, 000%, -63dBm, 001, 114, 226
18:47, 100%, 0, 000%, -60dBm, 001, 114, 224
18:48, 100%, 0, 000%, -59dBm, 001, 114, 223
18:50, 100%, 0, 000%, -59dBm, 001, 114, 224
18:51, 100%, 0, 000%, -59dBm, 001, 115, 226
18:52, 100%, 0, 000%, -57dBm, 001, 114, 228
18:53, 100%, 0, 000%, -54dBm, 001, 114, 231
18:54, 100%, 0, 000%, -53dBm, 001, 113, 233
18:55, 100%, 0, 000%, -55dBm, 001, 112, 234
18:56, 100%, 0, 000%, -48dBm, 001, 110, 231
18:56, 100%, 0, 000%, -43dBm, 001, 108, 221
18:57, 100%, 0, 000%, -42dBm, 001, 108, 209
18:58, 100%, 0, 000%, -42dBm, 001, 107, 195
18:59, 100%, 0, 000%, -48dBm, 001, 105, 182
19:00, 100%, 0, 000%, -49dBm, 001, 103, 166
19:01, 100%, 0, 000%, -49dBm, 001, 102, 153
19:02, 100%, 0, 000%, -48dBm, 001, 101, 138
19:03, 100%, 0, 000%, -49dBm, 001, 101, 123
19:04, 100%, 0, 000%, -56dBm, 001, 102, 110
19:05, 100%, 0, 000%, -50dBm, 001, 103, 96
19:06, 100%, 0, 000%, -49dBm, 001, 103, 84
19:07, 095%, 0, 000%, -47dBm, 001, 102, 72
19:08, 090%, 0, 000%, -43dBm, 001, 102, 61
19:09, 100%, 0, 000%, -42dBm, 001, 101, 51
19:11, 095%, 0, 000%, -45dBm, 001, 100, 38
19:12, 090%, 0, 000%, -45dBm, 001, 99, 28
19:13, 095%, 0, 000%, -49dBm, 001, 97, 16
19:14, 100%, 3, 000%, -48dBm, 001, 94, 13
19:15, 100%, 1, 000%, -53dBm, 001, 92, 22
19:16, 100%, 0, 000%, -64dBm, 001, 89, 34
19:17, 085%, 0, 000%, -61dBm, 001, 88, 48
19:17, 100%, 0, 000%, -57dBm, 001, 87, 61
19:18, 100%, 0, 000%, -49dBm, 001, 87, 73
19:19, 100%, 0, 000%, -50dBm, 001, 88, 86
19:20, 100%, 0, 000%, -56dBm, 001, 88, 95
19:21, 100%, 0, 000%, -61dBm, 001, 89, 105
19:22, 100%, 0, 000%, -58dBm, 001, 89, 112
19:23, 100%, 0, 000%, -61dBm, 001, 89, 120
19:24, 090%, 0, 000%, -64dBm, 001, 88, 127
19:25, 095%, 0, 000%, -58dBm, 001, 87, 135
19:26, 100%, 0, 000%, -58dBm, 001, 87, 142
19:27, 100%, 0, 000%, -58dBm, 001, 87, 150
19:28, 100%, 0, 000%, -58dBm, 001, 86, 156
19:29, 100%, 0, 000%, -62dBm, 001, 86, 163
19:30, 100%, 0, 000%, -66dBm, 001, 85, 170
19:32, 095%, 0, 000%, -64dBm, 001, 85, 177
19:33, 100%, 0, 000%, -61dBm, 001, 84, 184
19:34, 080%, 0, 000%, -62dBm, 001, 84, 192
19:35, 085%, 0, 000%, -66dBm, 001, 83, 199
19:36, 100%, 0, 000%, -63dBm, 001, 83, 206
19:37, 100%, 1, 000%, -63dBm, 001, 83, 210
19:38, 100%, 1, 000%, -62dBm, 001, 82, 211
19:39, 100%, 0, 000%, -62dBm, 001, 81, 208
19:40, 100%, 0, 000%, -53dBm, 001, 78, 202
19:41, 075%, 0, 000%, -52dBm, 001, 76, 193
19:42, 100%, 0, 000%, -52dBm, 001, 75, 184
19:43, 100%, 0, 000%, -50dBm, 001, 74, 176
19:44, 100%, 0, 000%, -51dBm, 001, 73, 169
19:45, 090%, 0, 000%, -52dBm, 001, 74, 165
19:46, 070%, 0, 000%, -56dBm, 001, 74, 162
19:47, 100%, 0, 000%, -56dBm, 001, 75, 162
19:48, 090%, 0, 000%, -56dBm, 001, 75, 165
19:48, 100%, 0, 000%, -54dBm, 001, 75, 169
19:49, 100%, 0, 000%, -53dBm, 001, 75, 173
19:50, 100%, 0, 000%, -55dBm, 001, 75, 177
19:51, 100%, 0, 000%, -58dBm, 001, 75, 181
19:53, 095%, 0, 000%, -60dBm, 001, 75, 186
19:54, 100%, 0, 000%, -67dBm, 001, 74, 192
19:55, 090%, 0, 000%, -64dBm, 001, 73, 197
19:56, 090%, 1, 000%, -59dBm, 001, 73, 205
19:57, 090%, 1, 000%, -59dBm, 001, 72, 210
19:58, 090%, 0, 000%, -57dBm, 001, 71, 217
19:59, 095%, 0, 000%, -56dBm, 001, 71, 224
20:00, 100%, 0, 000%, -62dBm, 001, 70, 233
20:01, 100%, 0, 000%, -61dBm, 001, 70, 240
20:02, 100%, 0, 000%, -58dBm, 001, 69, 249
20:03, 100%, 0, 000%, -59dBm, 001, 68, 256
20:04, 100%, 1, 000%, -57dBm, 001, 68, 266
20:05, 100%, 1, 000%, -54dBm, 001, 68, 274
20:06, 100%, 0, 000%, -55dBm, 001, 68, 282
20:07, 100%, 0, 000%, -58dBm, 001, 68, 289
20:08, 100%, 0, 000%, -52dBm, 001, 68, 293
20:09, 100%, 0, 000%, -52dBm, 001, 67, 295
20:09, 100%, 0, 000%, -53dBm, 001, 66, 295
20:10, 100%, 1, 000%, -50dBm, 001, 64, 290
20:11, 095%, 1, 000%, -48dBm, 001, 61, 281
20:12, 100%, 0, 000%, -48dBm, 001, 59, 273
20:14, 100%, 0, 000%, -49dBm, 001, 57, 264
20:15, 100%, 0, 000%, -50dBm, 001, 55, 255
20:16, 100%, 0, 000%, -49dBm, 001, 53, 248
20:17, 100%, 0, 000%, -48dBm, 001, 51, 241
20:18, 090%, 0, 000%, -48dBm, 001, 50, 236
20:19, 100%, 0, 000%, -45dBm, 001, 50, 233
20:20, 100%, 0, 000%, -50dBm, 001, 50, 228
20:21, 100%, 0, 000%, -46dBm, 001, 50, 225
20:22, 085%, 0, 000%, -59dBm, 001, 50, 224
20:23, 100%, 0, 000%, -58dBm, 001, 51, 223
20:24, 095%, 0, 000%, -58dBm, 001, 51, 224
20:25, 100%, 0, 000%, -59dBm, 001, 50, 225
20:26, 100%, 0, 000%, -59dBm, 001, 49, 230
20:27, 100%, 0, 000%, -56dBm, 001, 47, 233
20:28, 095%, 2, 000%, -53dBm, 001, 46, 238
20:29, 100%, 1, 000%, -53dBm, 001, 45, 238
20:30, 100%, 0, 000%, -42dBm, 001, 44, 236
20:30, 100%, 0, 000%, -41dBm, 001, 44, 229
20:31, 100%, 0, 000%, -40dBm, 001, 44, 220
20:32, 100%, 0, 000%, -42dBm, 001, 43, 212
20:33, 100%, 0, 000%, -45dBm, 001, 41, 200
20:35, 100%, 0, 000%, -52dBm, 001, 39, 189
20:36, 100%, 0, 000%, -59dBm, 001, 37, 178
20:37, 100%, 0, 000%, -52dBm, 001, 36, 165
20:38, 100%, 0, 000%, -47dBm, 001, 35, 153
20:39, 100%, 0, 000%, -44dBm, 001, 34, 141
20:40, 100%, 0, 000%, -45dBm, 001, 34, 129
20:41, 100%, 0, 000%, -47dBm, 001, 34, 118
20:41, 100%, 0, 000%, -46dBm, 001, 35, 106
20:42, 100%, 1, 000%, -55dBm, 001, 35, 96
20:43, 100%, 1, 000%, -45dBm, 001, 35, 87
20:44, 100%, 0, 000%, -42dBm, 001, 36, 78
20:45, 100%, 0, 000%, -49dBm, 001, 35, 69
20:46, 100%, 0, 000%, -45dBm, 001, 35, 60
20:47, 100%, 0, 000%, -45dBm, 001, 34, 51
20:48, 100%, 0, 000%, -50dBm, 001, 34, 44
20:49, 100%, 0, 000%, -52dBm, 001, 33, 40
20:50, 100%, 0, 000%, -57dBm, 001, 32, 39
20:51, 100%, 1, 000%, -59dBm, 001, 30, 43
20:52, 100%, 1, 000%, -53dBm, 001, 29, 48
20:53, 090%, 0, 000%, -52dBm, 001, 28, 53
20:54, 100%, 0, 000%, -54dBm, 001, 30, 60
20:56, 100%, 0, 000%, -53dBm, 001, 32, 69
20:57, 100%, 0, 000%, -54dBm, 001, 35, 87
20:58, 095%, 2, 000%, -50dBm, 001, 41, 101
20:59, 100%, 1, 000%, -48dBm, 001, 52, 112
21:00, 100%, 2, 000%, -46dBm, 001, 61, 120
21:01, 100%, 1, 000%, -53dBm, 001, 70, 129
21:02, 100%, 0, 000%, -50dBm, 001, 79, 134
21:02, 100%, 0, 000%, -49dBm, 001, 87, 139
21:03, 100%, 0, 000%, -42dBm, 001, 95, 140
21:04, 100%, 2, 000%, -45dBm, 001, 104, 144
21:05, 100%, 2, 000%, -43dBm, 001, 112, 146
21:06, 100%, 1, 000%, -43dBm, 001, 121, 152
21:07, 100%, 2, 000%, -46dBm, 001, 129, 158
21:08, 100%, 1, 000%, -47dBm, 001, 136, 166
21:09, 100%, 1, 000%, -49dBm, 001, 144, 174
21:10, 100%, 2, 000%, -56dBm, 001, 151, 180
21:11, 100%, 2, 000%, -55dBm, 001, 157, 3416
21:12, 080%, 2, 000%, -53dBm, 001, 164, 188
21:13, 080%, 0, 000%, -58dBm, 001, 169, 189
21:14, 100%, 2, 000%, -54dBm, 001, 176, 188
21:15, 100%, 1, 000%, -56dBm, 001, 181, 187
21:16, 095%, 2, 000%, -62dBm, 001, 179, 184
21:17, 070%, 1, 000%, -62dBm, 001, 181, 177
21:19, 090%, 1, 000%, -59dBm, 001, 184, 167
21:20, 100%, 2, 000%, -48dBm, 001, 186, 157
21:21, 100%, 1, 000%, -48dBm, 001, 185, 150
21:22, 100%, 0, 000%, -53dBm, 001, 184, 142
21:23, 100%, 0, 000%, -48dBm, 001, 183, 132
21:24, 070%, 0, 000%, -48dBm, 001, 182, 122
21:25, 075%, 0, 000%, -50dBm, 001, 180, 113
21:26, 100%, 0, 000%, -48dBm, 001, 180, 102
21:27, 080%, 0, 000%, -47dBm, 001, 179, 93
21:27, 100%, 0, 000%, -47dBm, 001, 179, 83
21:28, 100%, 0, 000%, -48dBm, 001, 178, 72
21:29, 100%, 0, 000%, -52dBm, 001, 177, 63
21:30, 100%, 0, 000%, -53dBm, 001, 175, 51
21:31, 100%, 1, 000%, -53dBm, 001, 174, 45
21:32, 100%, 2, 000%, -54dBm, 001, 173, 43
21:33, 100%, 1, 000%, -53dBm, 001, 173, 45
21:34, 095%, 0, 000%, -54dBm, 001, 172, 51
21:36, 090%, 0, 000%, -63dBm, 001, 172, 58
21:37, 080%, 0, 000%, -67dBm, 001, 171, 67
21:38, 100%, 0, 000%, -58dBm, 001, 171, 76
21:39, 100%, 0, 000%, -58dBm, 001, 171, 85
21:40, 100%, 0, 000%, -58dBm, 001, 171, 95
21:41, 100%, 0, 000%, -57dBm, 001, 170, 104
21:42, 100%, 0, 000%, -59dBm, 001, 169, 117
21:43, 100%, 0, 000%, -61dBm, 001, 168, 128
21:44, 100%, 0, 000%, -57dBm, 001, 169, 139
21:45, 100%, 0, 000%, -62dBm, 001, 168, 148
21:46, 100%, 0, 000%, -61dBm, 001, 167, 158
21:47, 100%, 0, 000%, -61dBm, 001, 166, 167
21:48, 100%, 1, 000%, -60dBm, 001, 165, 177
21:49, 095%, 1, 000%, -59dBm, 001, 166, 187
21:50, 100%, 0, 000%, -66dBm, 001, 166, 194
21:51, 100%, 0, 000%, -68dBm, 001, 167, 200
21:52, 100%, 0, 000%, -72dBm, 001, 166, 207
21:53, 090%, 0, 000%, -71dBm, 001, 166, 212
21:54, 085%, 0, 000%, -72dBm, 001, 164, 219
21:55, 035%, 0, 000%, -69dBm, 001, 163, 224
21:56, 100%, 0, 000%, -56dBm, 001, 162, 228
21:56, 100%, 0, 000%, -57dBm, 001, 160, 229
21:57, 100%, 0, 000%, -58dBm, 001, 158, 228
21:58, 100%, 0, 000%, -55dBm, 001, 156, 226
21:59, 090%, 1, 000%, -51dBm, 001, 155, 222
22:01, 100%, 1, 000%, -50dBm, 001, 154, 219
22:02, 100%, 0, 000%, -51dBm, 001, 154, 215
22:03, 100%, 0, 000%, -50dBm, 001, 154, 211
22:04, 095%, 0, 000%, -48dBm, 001, 153, 207
22:05, 095%, 0, 000%, -47dBm, 001, 152, 202
22:06, 100%, 0, 000%, -47dBm, 001, 152, 199
22:07, 100%, 0, 000%, -50dBm, 001, 152, 196
22:08, 100%, 0, 000%, -50dBm, 001, 151, 197
22:09, 100%, 0, 000%, -51dBm, 001, 151, 198
22:10, 100%, 0, 000%, -50dBm, 001, 150, 3416
22:11, 080%, 0, 000%, -49dBm, 001, 150, 203
22:12, 085%, 0, 000%, -50dBm, 001, 150, 206
22:13, 100%, 0, 000%, -50dBm, 001, 150, 209
22:14, 100%, 0, 000%, -51dBm, 001, 149, 214
22:15, 090%, 0, 000%, -51dBm, 001, 148, 218
22:16, 100%, 0, 000%, -50dBm, 001, 147, 221
22:17, 100%, 0, 000%, -49dBm, 001, 146, 225
22:17, 100%, 0, 000%, -52dBm, 001, 144, 230
22:18, 100%, 0, 000%, -54dBm, 001, 145, 234
22:20, 100%, 0, 000%, -53dBm, 001, 145, 239
22:21, 100%, 0, 000%, -51dBm, 001, 144, 21674
22:22, 100%, 0, 000%, -50dBm, 001, 143, 245
22:23, 060%, 0, 000%, -52dBm, 001, 143, 248
22:24, 100%, 0, 000%, -53dBm, 001, 142, 250
22:25, 100%, 0, 000%, -52dBm, 001, 142, 257
22:26, 100%, 0, 000%, -54dBm, 001, 140, 263
22:27, 100%, 0, 000%, -59dBm, 001, 139, 270
22:28, 100%, 0, 000%, -61dBm, 001, 139, 278
22:29, 100%, 0, 000%, -66dBm, 001, 138, 285
22:30, 100%, 0, 000%, -66dBm, 001, 138, 289
22:31, 100%, 0, 000%, -64dBm, 001, 138, 292
22:32, 090%, 0, 000%, -63dBm, 001, 137, 290
22:33, 100%, 0, 000%, -56dBm, 001, 136, 285
22:34, 090%, 0, 000%, -54dBm, 001, 134, 276
22:35, 100%, 0, 000%, -54dBm, 001, 132, 268
22:36, 100%, 0, 000%, -54dBm, 001, 131, 257
22:37, 090%, 0, 000%, -54dBm, 001, 129, 247
22:38, 100%, 0, 000%, -55dBm, 001, 127, 236
22:38, 100%, 0, 000%, -55dBm, 001, 126, 230
22:39, 100%, 0, 000%, -54dBm, 001, 126, 227
22:41, 100%, 0, 000%, -57dBm, 001, 127, 227
22:42, 100%, 2, 000%, -59dBm, 001, 128, 229
22:43, 100%, 0, 000%, -59dBm, 001, 129, 228
22:44, 100%, 0, 000%, -59dBm, 001, 129, 224
22:45, 100%, 0, 000%, -58dBm, 001, 128, 222
22:46, 095%, 0, 000%, -59dBm, 001, 127, 218
22:47, 095%, 0, 000%, -59dBm, 001, 126, 216
22:48, 095%, 0, 000%, -57dBm, 001, 125, 215
22:49, 095%, 1, 000%, -56dBm, 001, 125, 214
22:50, 100%, 1, 000%, -55dBm, 001, 124, 215
22:51, 095%, 0, 000%, -54dBm, 001, 124, 216
22:51, 100%, 0, 000%, -54dBm, 001, 123, 213
22:52, 100%, 0, 000%, -44dBm, 001, 122, 207
22:53, 100%, 0, 000%, -41dBm, 001, 122, 197
22:54, 090%, 0, 000%, -42dBm, 001, 122, 186
22:55, 100%, 2, 000%, -43dBm, 001, 121, 173
22:56, 100%, 0, 000%, -49dBm, 001, 119, 161
22:57, 095%, 0, 000%, -58dBm, 001, 117, 148
22:58, 095%, 0, 000%, -59dBm, 001, 115, 134
22:59, 100%, 0, 000%, -56dBm, 001, 114, 121
23:00, 100%, 0, 000%, -50dBm, 001, 113, 106
23:02, 100%, 0, 000%, -48dBm, 001, 112, 93
23:03, 100%, 0, 000%, -48dBm, 001, 113, 79
23:04, 100%, 0, 000%, -47dBm, 001, 113, 66
23:05, 100%, 0, 000%, -47dBm, 001, 113, 56
23:06, 100%, 1, 000%, -49dBm, 001, 112, 44
23:07, 100%, 1, 000%, -50dBm, 001, 112, 34
23:08, 100%, 0, 000%, -47dBm, 001, 111, 25
23:09, 100%, 0, 000%, -45dBm, 001, 110, 16
23:10, 100%, 0, 000%, -48dBm, 001, 108, 8
23:10, 100%, 1, 000%, -53dBm, 001, 106, 11
23:11, 090%, 1, 000%, -54dBm, 001, 105, 20
23:12, 100%, 0, 000%, -55dBm, 001, 103, 32
23:13, 090%, 0, 000%, -57dBm, 001, 102, 45
23:14, 100%, 0, 000%, -53dBm, 001, 102, 58
23:15, 100%, 0, 000%, -53dBm, 001, 102, 69
23:16, 100%, 0, 000%, -54dBm, 001, 102, 79
23:17, 100%, 0, 000%, -45dBm, 001, 102, 91
23:18, 100%, 0, 000%, -49dBm, 001, 102, 101
23:19, 100%, 0, 000%, -59dBm, 001, 103, 109
23:20, 100%, 0, 000%, -58dBm, 001, 104, 116
23:21, 100%, 1, 000%, -60dBm, 001, 103, 123
23:22, 100%, 1, 000%, -61dBm, 001, 103, 130
23:23, 090%, 0, 000%, -57dBm, 001, 102, 139
23:25, 085%, 0, 000%, -63dBm, 001, 102, 148
23:26, 085%, 0, 000%, -64dBm, 001, 102, 156
23:27, 100%, 0, 000%, -66dBm, 001, 103, 164
23:28, 100%, 0, 000%, -59dBm, 001, 103, 171
23:29, 100%, 0, 000%, -59dBm, 001, 103, 178
23:30, 100%, 0, 000%, -59dBm, 001, 103, 187
23:31, 090%, 0, 000%, -60dBm, 001, 103, 193
23:31, 100%, 0, 000%, -57dBm, 001, 103, 200
23:32, 100%, 1, 000%, -53dBm, 001, 103, 205
23:33, 095%, 1, 000%, -56dBm, 001, 102, 211
23:34, 095%, 0, 000%, -60dBm, 001, 100, 217
23:35, 100%, 0, 000%, -63dBm, 001, 99, 222
23:36, 100%, 0, 000%, -58dBm, 001, 97, 224
23:37, 100%, 2, 000%, -63dBm, 001, 95, 222
23:38, 090%, 1, 000%, -63dBm, 001, 94, 219
23:39, 100%, 1, 000%, -54dBm, 001, 92, 214
23:40, 100%, 0, 000%, -52dBm, 001, 91, 209
23:42, 095%, 0, 000%, -53dBm, 001, 90, 205
23:43, 100%, 0, 000%, -54dBm, 001, 89, 201
23:44, 095%, 0, 000%, -61dBm, 001, 88, 198
23:45, 100%, 0, 000%, -61dBm, 001, 87, 197
23:46, 100%, 0, 000%, -62dBm, 001, 87, 197
23:47, 095%, 0, 000%, -63dBm, 001, 87, 198
23:48, 090%, 0, 000%, -59dBm, 001, 87, 201
23:49, 100%, 0, 000%, -58dBm, 001, 86, 204
23:50, 090%, 0, 000%, -61dBm, 001, 85, 210
23:51, 100%, 0, 000%, -59dBm, 001, 85, 214
23:52, 100%, 0, 000%, -66dBm, 001, 85, 218
23:52, 100%, 0, 000%, -63dBm, 001, 85, 222
23:53, 100%, 0, 000%, -63dBm, 001, 84, 225
23:54, 100%, 0, 000%, -63dBm, 001, 83, 229
23:55, 085%, 0, 000%, -65dBm, 001, 83, 234
23:56, 100%, 0, 000%, -62dBm, 001, 82, 240
23:57, 100%, 0, 000%, -62dBm, 001, 82, 247
23:59, 100%, 0, 000%, -66dBm, 001, 82, 254
24:00, 100%, 0, 000%, -67dBm, 001, 81, 259
24:01, 100%, 0, 000%, -66dBm, 001, 81, 266
24:02, 100%, 0, 000%, -57dBm, 001, 80, 272
24:03, 100%, 0, 000%, -56dBm, 001, 79, 278
24:04, 100%, 0, 000%, -56dBm, 001, 78, 281
24:05, 095%, 0, 000%, -55dBm, 001, 77, 281
24:06, 070%, 0, 000%, -55dBm, 001, 75, 276
24:07, 100%, 0, 000%, -50dBm, 001, 74, 269
24:08, 100%, 0, 000%, -46dBm, 001, 71, 262
24:09, 090%, 0, 000%, -47dBm, 001, 70, 254
24:10, 100%, 0, 000%, -49dBm, 001, 68, 246
24:11, 100%, 0, 000%, -48dBm, 001, 67, 240
24:12, 100%, 0, 000%, -52dBm, 001, 66, 236
24:13, 100%, 0, 000%, -55dBm, 001, 66, 233
24:14, 090%, 1, 000%, -67dBm, 001, 66, 232
24:15, 095%, 1, 000%, -65dBm, 001, 67, 231
24:16, 100%, 0, 000%, -66dBm, 001, 67, 229
24:17, 100%, 0, 000%, -61dBm, 001, 68, 228
24:18, 100%, 0, 000%, -61dBm, 001, 69, 225
24:19, 095%, 0, 000%, -58dBm, 001, 68, 224
24:20, 100%, 0, 000%, -54dBm, 001, 67, 223
24:21, 100%, 0, 000%, -52dBm, 001, 66, 222
24:22, 095%, 0, 000%, -51dBm, 001, 66, 221
24:23, 095%, 0, 000%, -56dBm, 001, 65, 223
24:24, 100%, 0, 000%, -57dBm, 001, 64, 225
24:25, 100%, 1, 000%, -54dBm, 001, 64, 227
24:26, 100%, 1, 000%, -54dBm, 001, 64, 225
24:27, 100%, 0, 000%, -45dBm, 001, 63, 219
24:28, 095%, 0, 000%, -45dBm, 001, 62, 208
24:29, 100%, 0, 000%, -49dBm, 001, 60, 196
24:30, 100%, 0, 000%, -60dBm, 001, 58, 184
24:31, 095%, 0, 000%, -63dBm, 001, 57, 171
24:32, 090%, 0, 000%, -62dBm, 001, 56, 160
24:33, 100%, 0, 000%, -57dBm, 001, 55, 148
24:34, 095%, 0, 000%, -50dBm, 001, 55, 137
24:35, 085%, 0, 000%, -46dBm, 001, 55, 123
24:36, 100%, 0, 000%, -43dBm, 001, 55, 112
24:37, 100%, 0, 000%, -42dBm, 001, 55, 101
24:38, 090%, 0, 000%, -39dBm, 001, 55, 89
24:39, 100%, 0, 000%, -39dBm, 001, 55, 78
24:40, 100%, 0, 000%, -39dBm, 001, 55, 69
24:41, 100%, 0, 000%, -55dBm, 001, 55, 63
24:42, 100%, 0, 000%, -58dBm, 001, 54, 57
24:43, 095%, 0, 000%, -63dBm, 001, 52, 53
24:44, 085%, 0, 000%, -63dBm, 001, 51, 49
24:44, 095%, 0, 000%, -65dBm, 001, 50, 50
24:45, 095%, 1, 000%, -64dBm, 001, 50, 50
24:47, 095%, 1, 000%, -62dBm, 001, 49, 51
24:48, 100%, 0, 000%, -59dBm, 001, 48, 54
24:49, 100%, 1, 000%, -54dBm, 001, 47, 57
24:50, 100%, 1, 000%, -52dBm, 001, 46, 62
24:51, 100%, 1, 000%, -53dBm, 001, 46, 70
24:52, 100%, 0, 000%, -53dBm, 001, 46, 78
24:53, 100%, 0, 000%, -56dBm, 001, 47, 88
24:54, 100%, 0, 000%, -53dBm, 001, 47, 96
24:55, 100%, 2, 000%, -56dBm, 001, 47, 103
24:56, 100%, 0, 000%, -58dBm, 001, 46, 110
24:57, 100%, 0, 000%, -59dBm, 001, 46, 117
24:58, 100%, 0, 000%, -62dBm, 001, 45, 124
24:59, 100%, 0, 000%, -59dBm, 001, 45, 132
25:00, 100%, 0, 000%, -61dBm, 001, 45, 137
25:01, 100%, 0, 000%, -62dBm, 001, 45, 144
25:02, 095%, 0, 000%, -61dBm, 001, 44, 149
25:03, 100%, 0, 000%, -59dBm, 001, 44, 156
25:03, 100%, 0, 000%, -61dBm, 001, 43, 162
25:04, 100%, 0, 000%, -59dBm, 001, 41, 169
25:05, 100%, 0, 000%, -56dBm, 001, 41, 176
25:06, 100%, 0, 000%, -54dBm, 001, 40, 183
25:08, 100%, 0, 000%, -57dBm, 001, 39, 189
25:09, 100%, 1, 000%, -59dBm, 001, 39, 196
25:10, 100%, 1, 000%, -62dBm, 001, 38, 202
25:11, 100%, 0, 000%, -60dBm, 001, 37, 208
25:12, 100%, 0, 000%, -49dBm, 001, 37, 212
25:13, 100%, 0, 000%, -51dBm, 001, 37, 212
25:14, 100%, 0, 000%, -52dBm, 001, 36, 209
25:15, 100%, 0, 000%, -61dBm, 001, 35, 205
25:16, 100%, 0, 000%, -51dBm, 001, 33, 200
25:17, 100%, 0, 000%, -50dBm, 001, 32, 196
25:18, 090%, 0, 000%, -49dBm, 001, 30, 192
25:18, 100%, 0, 000%, -54dBm, 001, 28, 190
25:19, 100%, 0, 000%, -54dBm, 001, 28, 191
25:20, 100%, 0, 000%, -48dBm, 001, 28, 193
25:21, 100%, 0, 000%, -46dBm, 001, 28, 196
25:22, 100%, 0, 000%, -46dBm, 001, 28, 200
25:23, 100%, 0, 000%, -51dBm, 001, 27, 206
25:24, 100%, 0, 000%, -59dBm, 001, 26, 211
25:25, 070%, 0, 000%, -59dBm, 001, 26, 215
25:27, 100%, 0, 000%, -57dBm, 001, 25, 219
25:28, 100%, 0, 000%, -56dBm, 001, 25, 225
25:29, 100%, 0, 000%, -61dBm, 001, 25, 230
25:30, 080%, 0, 000%, -60dBm, 001, 25, 235
25:31, 090%, 0, 000%, -63dBm, 001, 25, 242
25:32, 090%, 0, 000%, -56dBm, 001, 24, 250
25:33, 100%, 0, 000%, -56dBm, 001, 23, 256
25:34, 100%, 0, 000%, -57dBm, 001, 23, 264
25:35, 100%, 0, 000%, -59dBm, 001, 22, 271
25:36, 100%, 0, 000%, -59dBm, 001, 22, 278
25:37, 100%, 0, 000%, -63dBm, 001, 22, 288
25:38, 100%, 0, 000%, -61dBm, 001, 22, 295
25:39, 090%, 0, 000%, -56dBm, 001, 22, 301
25:39, 100%, 1, 000%, -57dBm, 001, 22, 304
25:40, 100%, 1, 000%, -63dBm, 001, 22, 303
25:41, 100%, 0, 000%, -58dBm, 001, 21, 296
25:42, 100%, 0, 000%, -53dBm, 001, 19, 289
25:43, 100%, 0, 000%, -54dBm, 001, 17, 278
25:44, 100%, 0, 000%, -53dBm, 001, 16, 266
25:45, 100%, 0, 000%, -59dBm, 001, 15, 253
25:46, 100%, 0, 000%, -60dBm, 001, 14, 241
25:48, 100%, 1, 000%, -57dBm, 001, 14, 228
25:49, 100%, 1, 000%, -58dBm, 001, 14, 216
25:50, 080%, 0, 000%, -52dBm, 001, 14, 206
25:51, 100%, 0, 000%, -52dBm, 001, 14, 200
25:52, 100%, 0, 000%, -50dBm, 001, 13, 195
25:53, 090%, 0, 000%, -49dBm, 001, 12, 194
25:54, 100%, 0, 000%, -60dBm, 001, 12, 192
25:55, 100%, 0, 000%, -59dBm, 001, 11, 192
25:56, 090%, 0, 000%, -56dBm, 001, 11, 193
25:57, 100%, 0, 000%, -54dBm, 001, 10, 190
25:58, 100%, 0, 000%, -57dBm, 001, 10, 192
25:58, 100%, 2, 000%, -53dBm, 001, 10, 195
25:59, 100%, 0, 000%, -52dBm, 001, 10, 200
26:00, 100%, 0, 000%, -51dBm, 001, 9, 207
26:01, 100%, 0, 000%, -52dBm, 001, 7, 216
26:02, 100%, 0, 000%, -58dBm, 001, 6, 223
26:03, 100%, 0, 000%, -56dBm, 001, 5, 232
26:04, 100%, 0, 000%, -56dBm, 001, 5, 232
26:05, 090%, 0, 000%, -48dBm, 001, 5, 230
26:06, 090%, 0, 000%, -47dBm, 001, 4, 222
26:07, 100%, 0, 000%, -48dBm, 001, 4, 213
26:10, 100%, 0, 000%, -56dBm, 001, 3, 204
26:11, 100%, 0, 000%, -62dBm, 001, 3, 195
26:11, 100%, 0, 000%, -61dBm, 001, 3, 186
26:12, 095%, 2, 000%, -62dBm, 001, 2, 179
26:13, 100%, 0, 000%, -58dBm, 001, 1, 169
26:14, 100%, 0, 000%, -55dBm, 001, 0, 158
26:15, 100%, 0, 000%, -61dBm, 001, 0, 149
26:16, 090%, 0, 000%, -60dBm, 001, 0, 139
26:17, 100%, 0, 000%, -61dBm, 001, 0, 132
26:18, 095%, 0, 000%, -63dBm, 001, 0, 122
26:19, 100%, 0, 000%, -62dBm, 001, -1, 114
26:20, 100%, 0, 000%, -58dBm, 001, -1, 106
26:21, 100%, 0, 000%, -55dBm, 001, -1, 97
26:22, 100%, 0, 000%, -59dBm, 001, -1, 89
26:23, 095%, 0, 000%, -68dBm, 001, -1, 82
26:24, 095%, 0, 000%, -66dBm, 001, -2, 75
26:25, 085%, 0, 000%, -68dBm, 001, -1, 69
26:26, 075%, 0, 000%, -62dBm, 001, 1, 60
26:27, 100%, 0, 000%, -55dBm, 001, 6, 49
26:28, 100%, 0, 000%, -45dBm, 001, 11, 34
26:29, 100%, 0, 000%, -40dBm, 001, 19, 26
26:30, 100%, 1, 000%, -44dBm, 001, 26, 27
26:31, 100%, 2, 000%, -48dBm, 001, 34, 37
26:32, 100%, 1, 000%, -50dBm, 001, 41, 48
26:33, 100%, 1, 000%, -48dBm, 001, 50, 61
26:34, 090%, 0, 000%, -50dBm, 001, 58, 72
26:35, 095%, 2, 000%, -58dBm, 001, 68, 82
26:36, 100%, 0, 000%, -56dBm, 001, 77, 91
26:37, 100%, 1, 000%, -55dBm, 001, 85, 102
26:38, 100%, 1, 000%, -55dBm, 001, 92, 112
26:39, 085%, 2, 000%, -57dBm, 001, 101, 122
26:40, 100%, 1, 000%, -56dBm, 001, 110, 131
26:41, 090%, 2, 000%, -55dBm, 001, 118, 141
26:42, 090%, 2, 000%, -55dBm, 001, 125, 153
26:43, 085%, 1, 000%, -46dBm, 001, 134, 164
26:44, 100%, 2, 000%, -45dBm, 001, 142, 172
26:45, 100%, 2, 000%, -49dBm, 001, 151, 178
26:46, 100%, 1, 000%, -53dBm, 001, 159, 184
26:47, 100%, 2, 000%, -49dBm, 001, 169, 188
26:48, 090%, 2, 000%, -50dBm, 001, 177, 196
26:49, 100%, 1, 000%, -50dBm, 001, 186, 204
26:50, 100%, 2, 000%, -48dBm, 001, 194, 213
26:51, 090%, 2, 000%, -50dBm, 001, 202, 223
26:52, 090%, 1, 000%, -56dBm, 001, 205, 230
26:53, 100%, 2, 000%, -56dBm, 001, 207, 234
26:54, 100%, 2, 000%, -59dBm, 001, 207, 238
26:55, 095%, 2, 000%, -57dBm, 001, 205, 241
26:56, 095%, 1, 000%, -55dBm, 001, 202, 245
26:57, 090%, 2, 000%, -56dBm, 001, 201, 246
26:58, 100%, 2, 000%, -54dBm, 001, 201, 248
26:59, 100%, 1, 000%, -55dBm, 001, 200, 249
27:00, 095%, 0, 000%, -57dBm, 001, 198, 248
27:01, 100%, 0, 000%, -57dBm, 001, 197, 247
27:02, 100%, 0, 000%, -57dBm, 001, 196, 247
27:03, 100%, 0, 000%, -57dBm, 001, 196, 247
27:04, 100%, 0, 000%, -59dBm, 001, 196, 246
27:05, 100%, 0, 000%, -58dBm, 001, 196, 249
27:06, 100%, 0, 000%, -58dBm, 001, 196, 249
27:07, 100%, 0, 000%, -57dBm, 001, 195, 251
27:08, 100%, 2, 000%, -58dBm, 001, 194, 251
27:09, 100%, 1, 000%, -60dBm, 001, 195, 252
27:10, 100%, 1, 000%, -56dBm, 001, 195, 251
27:11, 100%, 2, 000%, -54dBm, 001, 195, 250
27:12, 100%, 1, 000%, -56dBm, 001, 194, 250
27:13, 100%, 1, 000%, -57dBm, 001, 194, 251
27:14, 100%, 2, 000%, -57dBm, 001, 193, 253
27:15, 100%, 1, 000%, -57dBm, 001, 192, 257
27:16, 100%, 1, 000%, -55dBm, 001, 192, 261
27:17, 100%, 2, 000%, -56dBm, 001, 191, 261
27:18, 100%, 1, 000%, -57dBm, 001, 191, 263
27:19, 100%, 1, 000%, -57dBm, 001, 192, 264
27:20, 100%, 1, 000%, -57dBm, 001, 191, 266
27:21, 100%, 1, 000%, -59dBm, 001, 191, 268
27:22, 100%, 1, 000%, -59dBm, 001, 190, 271
27:23, 100%, 2, 000%, -61dBm, 001, 188, 276
27:24, 090%, 0, 000%, -62dBm, 001, 187, 283
27:24, 100%, 1, 000%, -71dBm, 001, 187, 289
27:25, 100%, 1, 000%, -71dBm, 001, 187, 296
27:26, 090%, 2, 000%, -64dBm, 001, 187, 302
27:27, 100%, 0, 000%, -68dBm, 001, 187, 310
27:28, 100%, 1, 000%, -68dBm, 001, 187, 316
27:29, 100%, 1, 000%, -66dBm, 001, 187, 325
27:30, 100%, 1, 000%, -64dBm, 001, 185, 335
27:31, 100%, 1, 000%, -63dBm, 001, 185, 344
27:33, 100%, 0, 000%, -66dBm, 001, 184, 354
27:34, 100%, 1, 000%, -65dBm, 001, 183, 366
27:35, 100%, 1, 000%, -67dBm, 001, 183, 376
27:36, 095%, 0, 000%, -64dBm, 001, 182, 386
27:37, 100%, 1, 000%, -62dBm, 001, 182, 396
27:38, 100%, 1, 000%, -62dBm, 001, 179, 402
27:39, 100%, 2, 000%, -59dBm, 001, 174, 400
27:40, 100%, 2, 000%, -56dBm, 001, 169, 393
27:41, 095%, 2, 000%, -54dBm, 001, 165, 379
27:42, 100%, 1, 000%, -56dBm, 001, 161, 360
27:43, 100%, 0, 000%, -60dBm, 001, 157, 341
27:44, 100%, 0, 000%, -64dBm, 001, 152, 320
27:45, 075%, 0, 000%, -62dBm, 001, 148, 299
27:45, 075%, 1, 000%, -61dBm, 001, 146, 283
27:46, 100%, 2, 000%, -57dBm, 001, 147, 277
27:47, 100%, 2, 000%, -56dBm, 001, 150, 281
27:48, 100%, 1, 000%, -57dBm, 001, 153, 290
27:49, 100%, 0, 000%, -56dBm, 001, 155, 300
27:50, 100%, 0, 000%, -57dBm, 001, 154, 312
27:51, 100%, 0, 000%, -60dBm, 001, 154, 325
27:52, 100%, 0, 000%, -61dBm, 001, 153, 336
27:54, 100%, 0, 000%, -62dBm, 001, 153, 346
27:55, 100%, 0, 000%, -58dBm, 001, 152, 351
27:56, 100%, 0, 000%, -58dBm, 001, 152, 355
27:57, 100%, 0, 000%, -61dBm, 001, 151, 355
27:58, 100%, 0, 000%, -57dBm, 001, 149, 352
27:59, 090%, 0, 000%, -54dBm, 001, 148, 345
28:00, 100%, 0, 000%, -53dBm, 001, 146, 334
28:01, 100%, 0, 000%, -53dBm, 001, 143, 323
28:02, 100%, 0, 000%, -54dBm, 001, 140, 309
28:03, 100%, 0, 000%, -56dBm, 001, 140, 295
28:04, 100%, 0, 000%, -53dBm, 001, 140, 281
28:05, 100%, 1, 000%, -52dBm, 001, 141, 270
28:06, 100%, 1, 000%, -52dBm, 001, 142, 260
28:06, 100%, 2, 000%, -49dBm, 001, 142, 251
28:07, 100%, 2, 000%, -49dBm, 001, 142, 242
28:08, 075%, 1, 000%, -49dBm, 001, 141, 233
28:09, 100%, 1, 000%, -49dBm, 001, 140, 220
28:10, 100%, 1, 000%, -50dBm, 001, 139, 208
28:11, 100%, 2, 000%, -54dBm, 001, 138, 195
28:12, 100%, 0, 000%, -58dBm, 001, 137, 181
28:13, 095%, 0, 000%, -64dBm, 001, 135, 166
28:15, 095%, 0, 000%, -67dBm, 001, 134, 152
28:16, 100%, 0, 000%, -61dBm, 001, 133, 136
28:17, 100%, 0, 000%, -54dBm, 001, 133, 123
28:18, 100%, 0, 000%, -53dBm, 001, 133, 109
28:19, 100%, 0, 000%, -49dBm, 001, 133, 98
28:20, 100%, 0, 000%, -49dBm, 001, 134, 86
28:21, 100%, 0, 000%, -49dBm, 001, 134, 75
28:22, 100%, 1, 000%, -49dBm, 001, 134, 64
28:23, 100%, 1, 000%, -50dBm, 001, 133, 56
28:24, 100%, 0, 000%, -50dBm, 001, 133, 46
28:25, 100%, 0, 000%, -54dBm, 001, 131, 35
28:26, 100%, 1, 000%, -54dBm, 001, 130, 25
28:27, 100%, 1, 000%, -54dBm, 001, 129, 18
28:28, 100%, 0, 000%, -54dBm, 001, 129, 15
28:29, 100%, 0, 000%, -58dBm, 001, 128, 19
28:30, 095%, 2, 000%, -61dBm, 001, 128, 27
28:31, 090%, 0, 000%, -62dBm, 001, 128, 36
28:32, 100%, 1, 000%, -59dBm, 001, 127, 44
28:33, 100%, 1, 000%, -51dBm, 001, 124, 54
28:34, 090%, 0, 000%, -52dBm, 001, 122, 65
28:35, 100%, 0, 000%, -56dBm, 001, 120, 77
28:37, 100%, 0, 000%, -54dBm, 001, 120, 88
28:38, 100%, 0, 000%, -54dBm, 001, 121, 99
28:38, 100%, 0, 000%, -60dBm, 001, 122, 108
28:39, 100%, 0, 000%, -57dBm, 001, 123, 116
28:40, 100%, 0, 000%, -57dBm, 001, 123, 123
28:41, 100%, 0, 000%, -63dBm, 001, 122, 129
28:42, 100%, 0, 000%, -59dBm, 001, 120, 137
28:43, 095%, 0, 000%, -59dBm, 001, 119, 147
28:44, 100%, 0, 000%, -57dBm, 001, 119, 157
28:45, 100%, 0, 000%, -58dBm, 001, 119, 167
28:46, 095%, 0, 000%, -68dBm, 001, 120, 175
28:47, 090%, 0, 000%, -59dBm, 001, 120, 182
28:48, 100%, 0, 000%, -58dBm, 001, 119, 189
28:49, 095%, 0, 000%, -58dBm, 001, 118, 196
28:50, 100%, 0, 000%, -61dBm, 001, 118, 203
28:51, 100%, 0, 000%, -63dBm, 001, 117, 209
28:52, 100%, 0, 000%, -61dBm, 001, 116, 215
28:53, 100%, 0, 000%, -62dBm, 001, 114, 221
28:54, 090%, 0, 000%, -53dBm, 001, 113, 223
28:55, 100%, 0, 000%, -54dBm, 001, 112, 223
28:56, 100%, 0, 000%, -58dBm, 001, 112, 218
28:57, 100%, 0, 000%, -48dBm, 001, 110, 215
28:58, 080%, 0, 000%, -47dBm, 001, 108, 209
28:59, 100%, 0, 000%, -45dBm, 001, 107, 203
29:00, 100%, 0, 000%, -44dBm, 001, 105, 198
29:01, 100%, 0, 000%, -44dBm, 001, 104, 194
29:02, 100%, 0, 000%, -47dBm, 001, 104, 192
29:03, 100%, 0, 000%, -52dBm, 001, 103, 191
29:04, 095%, 0, 000%, -54dBm, 001, 104, 193
29:05, 100%, 0, 000%, -53dBm, 001, 103, 196
29:06, 095%, 0, 000%, -50dBm, 001, 103, 200
29:07, 100%, 0, 000%, -51dBm, 001, 102, 203
29:08, 100%, 0, 000%, -54dBm, 001, 102, 206
29:09, 100%, 0, 000%, -55dBm, 001, 101, 210
29:10, 100%, 0, 000%, -60dBm, 001, 101, 216
29:11, 100%, 0, 000%, -62dBm, 001, 100, 221
29:12, 085%, 0, 000%, -70dBm, 001, 98, 229
29:13, 085%, 0, 000%, -71dBm, 001, 98, 238
29:14, 100%, 1, 000%, -67dBm, 001, 97, 246
29:15, 080%, 2, 000%, -72dBm, 001, 96, 254
29:15, 090%, 1, 000%, -71dBm, 001, 96, 3416
29:17, 075%, 0, 000%, -70dBm, 001, 97, 271
29:19, 085%, 0, 000%, -64dBm, 001, 97, 278
29:20, 100%, 1, 000%, -63dBm, 001, 96, 286
29:21, 100%, 1, 000%, -64dBm, 001, 96, 294
29:22, 100%, 0, 000%, -66dBm, 001, 95, 303
29:22, 100%, 0, 000%, -64dBm, 001, 95, 309
29:23, 100%, 0, 000%, -59dBm, 001, 95, 315
29:24, 085%, 0, 000%, -60dBm, 001, 94, 319
29:25, 100%, 0, 000%, -64dBm, 001, 94, 322
29:26, 100%, 0, 000%, -61dBm, 001, 93, 322
29:27, 100%, 0, 000%, -66dBm, 001, 92, 320
29:28, 100%, 0, 000%, -56dBm, 001, 90, 313
29:29, 100%, 0, 000%, -51dBm, 001, 87, 304
29:30, 100%, 0, 000%, -51dBm, 001, 85, 294
29:31, 100%, 0, 000%, -50dBm, 001, 85, 286
29:32, 100%, 1, 000%, -52dBm, 001, 86, 280
29:32, 100%, 1, 000%, -54dBm, 001, 86, 276
29:33, 100%, 0, 000%, -59dBm, 001, 84, 271
29:34, 100%, 0, 000%, -56dBm, 001, 83, 268
29:35, 100%, 0, 000%, -55dBm, 001, 82, 266
29:36, 100%, 0, 000%, -55dBm, 001, 81, 263
29:37, 100%, 0, 000%, -61dBm, 001, 80, 262
29:39, 100%, 0, 000%, -64dBm, 001, 80, 261
29:40, 100%, 1, 000%, -64dBm, 001, 79, 265
29:41, 095%, 1, 000%, -63dBm, 001, 79, 266
29:42, 100%, 0, 000%, -63dBm, 001, 78, 269
29:43, 100%, 0, 000%, -62dBm, 001, 78, 273
29:44, 100%, 0, 000%, -61dBm, 001, 76, 278
29:45, 090%, 0, 000%, -61dBm, 001, 74, 279
29:46, 100%, 0, 000%, -58dBm, 001, 71, 278
29:47, 100%, 0, 000%, -50dBm, 001, 68, 276
29:48, 100%, 1, 000%, -50dBm, 001, 66, 272
29:49, 100%, 1, 000%, -46dBm, 001, 65, 267
29:50, 100%, 0, 000%, -44dBm, 001, 63, 260
29:51, 090%, 0, 000%, -45dBm, 001, 60, 251
29:52, 100%, 0, 000%, -43dBm, 001, 59, 236
29:53, 100%, 0, 000%, -42dBm, 001, 56, 221
29:53, 100%, 0, 000%, -45dBm, 001, 49, 204
29:54, 100%, 1, 000%, -47dBm, 001, 39, 184
29:55, 090%, 2, 000%, -46dBm, 001, 31, 163
29:56, 100%, 1, 000%, -51dBm, 001, 24, 139
29:57, 100%, 0, 000%, -48dBm, 001, 19, 116
29:58, 100%, 0, 000%, -41dBm, 001, 16, 91
30:00, 100%, 1, 000%, -39dBm, 001, 13, 70
30:01, 100%, 1, 000%, -45dBm, 001, 11, 52
30:02, 100%, 0, 000%, -47dBm, 001, 9, 39
30:03, 100%, 0, 000%, -45dBm, 001, 8, 36
30:04, 100%, 2, 000%, -51dBm, 001, 8, 44
30:05, 100%, 1, 000%, -50dBm, 001, 12, 57
30:06, 090%, 1, 000%, -54dBm, 001, 20, 70
30:07, 090%, 1, 000%, -51dBm, 001, 27, 83
30:08, 090%, 1, 000%, -49dBm, 001, 36, 95
30:09, 100%, 1, 000%, -44dBm, 001, 45, 106
30:10, 090%, 2, 000%, -44dBm, 001, 53, 118
30:11, 095%, 1, 000%, -48dBm, 001, 61, 129
30:12, 100%, 1, 000%, -52dBm, 001, 70, 139
30:13, 095%, 0, 000%, -50dBm, 001, 78, 150
30:14, 100%, 1, 000%, -50dBm, 001, 86, 161
30:14, 100%, 2, 000%, -52dBm, 001, 93, 175
30:15, 100%, 1, 000%, -57dBm, 001, 100, 185
30:16, 100%, 2, 000%, -52dBm, 001, 108, 195
30:17, 100%, 2, 000%, -52dBm, 001, 117, 204
30:18, 100%, 2, 000%, -51dBm, 001, 126, 211
30:19, 100%, 2, 000%, -54dBm, 001, 134, 219
30:21, 090%, 1, 000%, -57dBm, 001, 143, 227
30:22, 095%, 2, 000%, -57dBm, 001, 151, 234
30:23, 100%, 1, 000%, -56dBm, 001, 159, 239
30:24, 100%, 2, 000%, -50dBm, 001, 166, 241
30:25, 100%, 2, 000%, -53dBm, 001, 173, 245
30:26, 100%, 1, 000%, -50dBm, 001, 182, 249
30:27, 100%, 2, 000%, -52dBm, 001, 190, 254
30:28, 095%, 2, 000%, -55dBm, 001, 198, 257
30:29, 100%, 1, 000%, -57dBm, 001, 200, 259
30:30, 100%, 2, 000%, -54dBm, 001, 202, 256
30:31, 100%, 2, 000%, -54dBm, 001, 202, 250
30:32, 100%, 1, 000%, -49dBm, 001, 200, 243
30:33, 100%, 2, 000%, -50dBm, 001, 195, 233
30:34, 100%, 2, 000%, -51dBm, 001, 192, 224
30:35, 095%, 2, 000%, -54dBm, 001, 189, 215
30:36, 100%, 0, 000%, -54dBm, 001, 188, 211
30:37, 100%, 1, 000%, -55dBm, 001, 189, 206
30:38, 100%, 1, 000%, -61dBm, 001, 191, 202
30:39, 100%, 2, 000%, -63dBm, 001, 194, 196
30:40, 090%, 1, 000%, -67dBm, 001, 195, 190
30:41, 100%, 1, 000%, -64dBm, 001, 194, 183
30:43, 100%, 1, 000%, -63dBm, 001, 192, 173
30:44, 090%, 1, 000%, -61dBm, 001, 189, 158
30:45, 095%, 1, 000%, -63dBm, 001, 187, 144
30:46, 090%, 0, 000%, -53dBm, 001, 183, 131
30:46, 100%, 1, 000%, -50dBm, 001, 181, 116
30:47, 100%, 1, 000%, -53dBm, 001, 179, 101
30:48, 100%, 0, 000%, -53dBm, 001, 178, 85
30:49, 100%, 0, 000%, -50dBm, 001, 177, 72
30:50, 100%, 2, 000%, -54dBm, 001, 177, 63
30:51, 100%, 0, 000%, -53dBm, 001, 177, 57
30:52, 100%, 1, 000%, -55dBm, 001, 178, 55
30:53, 100%, 1, 000%, -55dBm, 001, 179, 54
30:54, 100%, 1, 000%, -54dBm, 001, 179, 57
30:55, 100%, 1, 000%, -54dBm, 001, 178, 63
30:56, 090%, 0, 000%, -57dBm, 001, 178, 71
30:57, 100%, 0, 000%, -64dBm, 001, 178, 80
30:58, 100%, 0, 000%, -64dBm, 001, 177, 90
30:59, 075%, 0, 000%, -66dBm, 001, 177, 102
31:00, 100%, 0, 000%, -66dBm, 001, 176, 114
31:01, 090%, 0, 000%, -58dBm, 001, 176, 125
31:02, 095%, 0, 000%, -62dBm, 001, 176, 135
31:03, 100%, 0, 000%, -61dBm, 001, 177, 144
31:04, 095%, 0, 000%, -60dBm, 001, 178, 153
31:06, 100%, 0, 000%, -62dBm, 001, 177, 161
31:07, 090%, 0, 000%, -59dBm, 001, 174, 168
31:07, 100%, 0, 000%, -57dBm, 001, 172, 176
31:09, 090%, 0, 000%, -63dBm, 001, 172, 187
31:10, 100%, 0, 000%, -63dBm, 001, 172, 195
31:10, 100%, 0, 000%, -64dBm, 001, 172, 206
31:11, 085%, 0, 000%, -71dBm, 001, 172, 214
31:12, 080%, 0, 000%, -67dBm, 001, 171, 220
31:13, 075%, 0, 000%, -57dBm, 001, 171, 223
31:14, 100%, 0, 000%, -54dBm, 001, 170, 224
31:15, 100%, 0, 000%, -58dBm, 001, 169, 221
31:16, 100%, 0, 000%, -49dBm, 001, 166, 217
31:17, 100%, 0, 000%, -46dBm, 001, 165, 212
31:18, 100%, 0, 000%, -47dBm, 001, 164, 207
31:19, 100%, 0, 000%, -47dBm, 001, 163, 204
31:20, 100%, 0, 000%, -48dBm, 001, 162, 204
31:21, 100%, 0, 000%, -50dBm, 001, 161, 203
31:22, 100%, 0, 000%, -55dBm, 001, 160, 204
31:23, 100%, 0, 000%, -55dBm, 001, 160, 203
31:25, 100%, 0, 000%, -55dBm, 001, 159, 202
31:26, 100%, 0, 000%, -54dBm, 001, 159, 201
31:27, 095%, 0, 000%, -54dBm, 001, 158, 200
31:28, 100%, 0, 000%, -53dBm, 001, 157, 198
31:28, 100%, 0, 000%, -53dBm, 001, 157, 198
31:29, 100%, 0, 000%, -54dBm, 001, 156, 199
31:30, 100%, 2, 000%, -53dBm, 001, 155, 203
31:31, 095%, 0, 000%, -54dBm, 001, 155, 209
31:32, 100%, 0, 000%, -56dBm, 001, 154, 217
31:33, 100%, 0, 000%, -54dBm, 001, 154, 225
31:34, 100%, 0, 000%, -54dBm, 001, 155, 234
31:35, 100%, 0, 000%, -56dBm, 001, 155, 238
31:36, 100%, 1, 000%, -55dBm, 001, 156, 244
31:37, 100%, 1, 000%, -57dBm, 001, 155, 248
31:38, 100%, 0, 000%, -56dBm, 001, 154, 252
31:38, 090%, 0, 000%, -55dBm, 001, 154, 256
31:39, 100%, 0, 000%, -59dBm, 001, 154, 259
31:40, 100%, 0, 000%, -56dBm, 001, 153, 265
31:41, 100%, 0, 000%, -55dBm, 001, 153, 271
31:42, 100%, 0, 000%, -58dBm, 001, 152, 277
31:43, 100%, 0, 000%, -61dBm, 001, 152, 284
31:45, 100%, 0, 000%, -63dBm, 001, 151, 288
31:46, 100%, 0, 000%, -63dBm, 001, 150, 289
31:47, 095%, 2, 000%, -66dBm, 001, 148, 289
31:48, 100%, 1, 000%, -58dBm, 001, 146, 283
31:49, 100%, 2, 000%, -53dBm, 001, 146, 275
31:50, 090%, 1, 000%, -54dBm, 001, 145, 266
31:51, 090%, 2, 000%, -52dBm, 001, 145, 258
31:52, 100%, 0, 000%, -52dBm, 001, 145, 250
31:53, 100%, 0, 000%, -54dBm, 001, 145, 243
31:54, 100%, 0, 000%, -50dBm, 001, 145, 237
31:55, 100%, 0, 000%, -50dBm, 001, 145, 234
31:56, 100%, 0, 000%, -52dBm, 001, 145, 232
31:57, 100%, 0, 000%, -53dBm, 001, 145, 230
31:58, 100%, 0, 000%, -54dBm, 001, 144, 229
31:59, 100%, 0, 000%, -56dBm, 001, 144, 229
32:00, 100%, 0, 000%, -57dBm, 001, 144, 228
32:01, 090%, 0, 000%, -58dBm, 001, 144, 228
32:01, 100%, 0, 000%, -60dBm, 001, 143, 228
32:02, 100%, 0, 000%, -58dBm, 001, 142, 230
32:03, 100%, 0, 000%, -59dBm, 001, 141, 231
32:04, 100%, 0, 000%, -61dBm, 001, 139, 232
32:06, 100%, 0, 000%, -61dBm, 001, 139, 233
32:07, 100%, 1, 000%, -54dBm, 001, 139, 230
32:08, 100%, 1, 000%, -50dBm, 001, 139, 226
32:09, 100%, 0, 000%, -45dBm, 001, 140, 218
32:10, 100%, 0, 000%, -44dBm, 001, 140, 209
32:11, 095%, 0, 000%, -48dBm, 001, 139, 198
32:12, 100%, 0, 000%, -52dBm, 001, 137, 187
32:13, 095%, 0, 000%, -54dBm, 001, 135, 177
32:14, 090%, 0, 000%, -53dBm, 001, 133, 166
32:15, 095%, 0, 000%, -56dBm, 001, 131, 151
32:16, 105%, 0, 000%, -57dBm, 001, 130, 139
32:17, 095%, 0, 000%, -51dBm, 001, 129, 123
32:18, 100%, 0, 000%, -49dBm, 001, 128, 110
32:19, 100%, 0, 000%, -48dBm, 001, 128, 96
32:20, 100%, 0, 000%, -46dBm, 001, 127, 83
32:21, 100%, 0, 000%, -45dBm, 001, 128, 68
32:22, 100%, 0, 000%, -46dBm, 001, 129, 56
32:23, 100%, 0, 000%, -47dBm, 001, 130, 43
32:24, 090%, 2, 000%, -48dBm, 001, 130, 32
32:24, 100%, 0, 000%, -46dBm, 001, 130, 18
32:25, 100%, 0, 000%, -43dBm, 001, 128, 7
32:27, 100%, 1, 000%, -42dBm, 001, 123, 8
32:28, 100%, 2, 000%, -44dBm, 001, 119, 23
32:29, 095%, 1, 000%, -52dBm, 001, 116, 39
32:30, 100%, 1, 000%, -59dBm, 001, 116, 54
32:31, 100%, 1, 000%, -61dBm, 001, 116, 69
32:32, 100%, 0, 000%, -54dBm, 001, 116, 3416
32:33, 075%, 0, 000%, -63dBm, 001, 117, 93
32:34, 085%, 1, 000%, -61dBm, 001, 119, 102
32:35, 095%, 1, 000%, -59dBm, 001, 119, 110
32:36, 105%, 0, 000%, -59dBm, 001, 119, 117
32:37, 100%, 0, 000%, -61dBm, 001, 118, 125
32:38, 100%, 0, 000%, -61dBm, 001, 117, 134
32:39, 100%, 0, 000%, -61dBm, 001, 116, 142
32:40, 095%, 0, 000%, -67dBm, 001, 116, 151
32:41, 100%, 0, 000%, -67dBm, 001, 116, 158
32:42, 100%, 0, 000%, -68dBm, 001, 116, 164
32:42, 100%, 0, 000%, -69dBm, 001, 117, 169
32:43, 085%, 0, 000%, -70dBm, 001, 116, 175
32:44, 060%, 0, 000%, -73dBm, 001, 116, 184
32:46, 080%, 0, 000%, -67dBm, 001, 115, 191
32:46, 090%, 0, 000%, -59dBm, 001, 116, 197
32:49, 095%, 0, 000%, -58dBm, 001, 116, 205
32:50, 095%, 0, 000%, -58dBm, 001, 116, 210
32:51, 100%, 0, 000%, -64dBm, 001, 116, 215
32:52, 100%, 0, 000%, -59dBm, 001, 115, 219
32:53, 100%, 0, 000%, -53dBm, 001, 114, 220
32:54, 100%, 0, 000%, -55dBm, 001, 112, 220
32:54, 100%, 0, 000%, -56dBm, 001, 112, 217
32:54, 095%, 0, 000%, -55dBm, 001, 111, 214
32:55, 105%, 0, 000%, -53dBm, 001, 111, 209
32:56, 100%, 0, 000%, -49dBm, 001, 110, 204
32:57, 100%, 0, 000%, -47dBm, 001, 109, 199
32:59, 085%, 0, 000%, -46dBm, 001, 108, 194
33:00, 105%, 0, 000%, -46dBm, 001, 107, 190
33:01, 100%, 0, 000%, -48dBm, 001, 107, 188
33:02, 100%, 2, 000%, -51dBm, 001, 107, 187
33:03, 100%, 0, 000%, -51dBm, 001, 107, 186
33:04, 100%, 0, 000%, -51dBm, 001, 107, 185
33:05, 100%, 0, 000%, -51dBm, 001, 107, 185
33:06, 100%, 0, 000%, -51dBm, 001, 106, 185
33:07, 100%, 0, 000%, -52dBm, 001, 105, 186
33:08, 070%, 0, 000%, -51dBm, 001, 105, 189
33:10, 095%, 0, 000%, -52dBm, 001, 104, 191
33:11, 100%, 0, 000%, -52dBm, 001, 103, 194
33:12, 095%, 0, 000%, -55dBm, 001, 101, 198
33:13, 100%, 0, 000%, -57dBm, 001, 100, 203
33:14, 100%, 0, 000%, -62dBm, 001, 99, 208
33:15, 100%, 0, 000%, -61dBm, 001, 98, 215
33:16, 100%, 0, 000%, -70dBm, 001, 97, 224
33:16, 090%, 2, 000%, -75dBm, 001, 97, 233
33:17, 100%, 2, 000%, -65dBm, 001, 97, 241
33:18, 100%, 0, 000%, -63dBm, 001, 97, 249
33:19, 090%, 0, 000%, -62dBm, 001, 98, 255
33:19, 100%, 1, 000%, -62dBm, 001, 98, 261
33:20, 100%, 1, 000%, -59dBm, 001, 97, 268
33:22, 100%, 0, 000%, -58dBm, 001, 95, 275
33:23, 100%, 0, 000%, -61dBm, 001, 95, 281
33:24, 100%, 0, 000%, -67dBm, 001, 94, 287
33:25, 100%, 0, 000%, -64dBm, 001, 93, 293
33:26, 100%, 0, 000%, -67dBm, 001, 93, 299
33:27, 100%, 0, 000%, -57dBm, 001, 92, 303
33:28, 100%, 0, 000%, -58dBm, 001, 91, 301
33:29, 100%, 0, 000%, -60dBm, 001, 89, 296
33:30, 100%, 0, 000%, -53dBm, 001, 88, 287
33:31, 100%, 0, 000%, -57dBm, 001, 86, 273
33:33, 100%, 0, 000%, -62dBm, 001, 87, 258
33:34, 095%, 0, 000%, -68dBm, 001, 87, 246
33:35, 100%, 0, 000%, -59dBm, 001, 88, 237
33:36, 100%, 0, 000%, -54dBm, 001, 87, 234
33:36, 100%, 0, 000%, -57dBm, 001, 87, 237
33:37, 095%, 0, 000%, -63dBm, 001, 86, 245
33:38, 105%, 0, 000%, -61dBm, 001, 84, 251
33:39, 100%, 0, 000%, -59dBm, 001, 84, 254
33:40, 100%, 0, 000%, -61dBm, 001, 83, 253
33:40, 100%, 0, 000%, -59dBm, 001, 83, 247
33:41, 100%, 0, 000%, -55dBm, 001, 82, 241
33:42, 100%, 0, 000%, -54dBm, 001, 80, 239
33:43, 100%, 0, 000%, -62dBm, 001, 79, 236
33:45, 095%, 1, 000%, -68dBm, 001, 77, 236
33:46, 100%, 1, 000%, -62dBm, 001, 75, 236
33:46, 090%, 0, 000%, -66dBm, 001, 74, 236
33:47, 080%, 0, 000%, -66dBm, 001, 72, 234
33:48, 100%, 0, 000%, -63dBm, 001, 71, 233
33:49, 100%, 0, 000%, -59dBm, 001, 70, 233
33:51, 090%, 0, 000%, -63dBm, 001, 69, 233
33:52, 100%, 0, 000%, -65dBm, 001, 69, 236
33:53, 100%, 0, 000%, -61dBm, 001, 68, 240
33:54, 070%, 0, 000%, -61dBm, 001, 68, 244
33:55, 100%, 0, 000%, -58dBm, 001, 68, 247
33:56, 100%, 0, 000%, -57dBm, 001, 68, 251
33:57, 100%, 0, 000%, -60dBm, 001, 68, 252
33:58, 100%, 0, 000%, -57dBm, 001, 67, 256
33:59, 100%, 0, 000%, -56dBm, 001, 65, 254
34:00, 100%, 0, 000%, -45dBm, 001, 65, 250
34:01, 100%, 0, 000%, -45dBm, 001, 63, 244
34:02, 100%, 0, 000%, -45dBm, 001, 62, 234
34:03, 100%, 0, 000%, -46dBm, 001, 61, 224
34:04, 100%, 0, 000%, -52dBm, 001, 60, 213
34:05, 100%, 0, 000%, -59dBm, 001, 58, 203
34:06, 095%, 0, 000%, -63dBm, 001, 57, 191
34:07, 100%, 0, 000%, -63dBm, 001, 55, 181
34:07, 100%, 0, 000%, -62dBm, 001, 53, 170
34:08, 100%, 0, 000%, -62dBm, 001, 52, 159
34:09, 100%, 0, 000%, -58dBm, 001, 50, 147
34:10, 095%, 0, 000%, -55dBm, 001, 48, 135
34:12, 105%, 1, 000%, -56dBm, 001, 47, 122
34:13, 095%, 2, 000%, -49dBm, 001, 47, 108
34:14, 100%, 0, 000%, -46dBm, 001, 47, 97
34:15, 100%, 0, 000%, -42dBm, 001, 48, 84
34:16, 100%, 0, 000%, -40dBm, 001, 47, 74
34:17, 075%, 0, 000%, -50dBm, 001, 46, 61
34:18, 100%, 0, 000%, -52dBm, 001, 45, 52
34:19, 090%, 0, 000%, -58dBm, 001, 43, 43
34:20, 100%, 0, 000%, -57dBm, 001, 42, 34
34:21, 100%, 0, 000%, -55dBm, 001, 41, 33
34:22, 100%, 0, 000%, -61dBm, 001, 40, 34
34:23, 100%, 1, 000%, -64dBm, 001, 39, 39
34:24, 100%, 2, 000%, -59dBm, 001, 38, 48
34:25, 100%, 1, 000%, -62dBm, 001, 37, 55
34:26, 095%, 0, 000%, -65dBm, 001, 37, 65
34:27, 100%, 0, 000%, -67dBm, 001, 36, 73
34:28, 100%, 0, 000%, -62dBm, 001, 35, 81
34:28, 095%, 0, 000%, -64dBm, 001, 34, 89
34:29, 100%, 0, 000%, -56dBm, 001, 36, 96
34:30, 100%, 0, 000%, -46dBm, 001, 39, 108
34:31, 090%, 0, 000%, -41dBm, 001, 43, 123
34:33, 090%, 0, 000%, -40dBm, 001, 52, 137
34:34, 100%, 2, 000%, -46dBm, 001, 61, 148
34:35, 100%, 2, 000%, -47dBm, 001, 70, 157
34:36, 100%, 0, 000%, -56dBm, 001, 77, 166
34:37, 100%, 0, 000%, -53dBm, 001, 85, 172
34:38, 100%, 0, 000%, -51dBm, 001, 92, 176
34:39, 100%, 1, 000%, -51dBm, 001, 99, 179
34:40, 100%, 2, 000%, -49dBm, 001, 106, 184
34:41, 100%, 1, 000%, -49dBm, 001, 113, 189
34:42, 100%, 1, 000%, -47dBm, 001, 116, 195
34:43, 100%, 2, 000%, -48dBm, 001, 119, 199
34:44, 100%, 1, 000%, -47dBm, 001, 121, 202
34:45, 100%, 1, 000%, -48dBm, 001, 121, 203
34:46, 100%, 0, 000%, -49dBm, 001, 121, 203
34:47, 100%, 0, 000%, -51dBm, 001, 120, 201
34:48, 100%, 2, 000%, -54dBm, 001, 118, 199
34:49, 095%, 1, 000%, -54dBm, 001, 117, 197
34:49, 100%, 1, 000%, -54dBm, 001, 116, 194
34:50, 100%, 0, 000%, -54dBm, 001, 116, 191
34:51, 100%, 1, 000%, -48dBm, 001, 115, 184
34:52, 095%, 2, 000%, -45dBm, 001, 114, 178
34:54, 100%, 1, 000%, -43dBm, 001, 113, 171
34:55, 100%, 2, 000%, -44dBm, 001, 111, 162
34:56, 100%, 2, 000%, -45dBm, 001, 109, 151
34:57, 100%, 1, 000%, -44dBm, 001, 105, 139
34:58, 100%, 2, 000%, -47dBm, 001, 98, 123
34:59, 100%, 1, 000%, -49dBm, 001, 83, 104
35:00, 100%, 2, 000%, -47dBm, 001, 65, 86
35:01, 100%, 1, 000%, -42dBm, 001, 48, 71
35:02, 100%, 2, 000%, -41dBm, 001, 34, 67
35:02, 100%, 1, 000%, -53dBm, 001, 29, 79
35:03, 100%, 0, 000%, -50dBm, 001, 32, 99
35:04, 100%, 0, 000%, -45dBm, 001, 34, 120
35:05, 100%, 0, 000%, -43dBm, 001, 37, 140
35:06, 100%, 1, 000%, -42dBm, 001, 42, 158
35:07, 100%, 1, 000%, -42dBm, 001, 46, 167
35:08, 095%, 1, 000%, -43dBm, 001, 46, 171
35:09, 100%, 1, 000%, -45dBm, 001, 45, 167
35:10, 100%, 0, 000%, -42dBm, 001, 42, 157
35:11, 100%, 0, 000%, -39dBm, 001, 39, 141
35:12, 100%, 0, 000%, -40dBm, 001, 34, 122
35:13, 100%, 0, 000%, -47dBm, 001, 30, 104
35:15, 100%, 0, 000%, -36dBm, 001, 29, 96
35:16, 100%, 0, 000%, -36dBm, 001, 29, 102
35:17, 100%, 0, 000%, -42dBm, 001, 29, 116
35:18, 100%, 0, 000%, -42dBm, 001, 29, 128
35:19, 090%, 0, 000%, -40dBm, 001, 28, 136
35:20, 100%, 0, 000%, -42dBm, 001, 27, 136
35:21, 100%, 0, 000%, -40dBm, 001, 25, 129
35:22, 100%, 0, 000%, -37dBm, 001, 22, 116
35:23, 100%, 0, 000%, -37dBm, 001, 18, 97
35:23, 100%, 0, 000%, -42dBm, 001, 18, 81
35:24, 100%, 0, 000%, -34dBm, 001, 19, 77
35:25, 100%, 0, 000%, -45dBm, 001, 20, 84
35:26, 100%, 0, 000%, -49dBm, 001, 20, 95
35:27, 100%, 0, 000%, -41dBm, 001, 19, 104
35:28, 090%, 0, 000%, -38dBm, 001, 18, 109
35:29, 090%, 0, 000%, -39dBm, 001, 16, 106
35:30, 090%, 0, 000%, -39dBm, 001, 13, 98
35:31, 100%, 0, 000%, -35dBm, 001, 11, 83
35:32, 100%, 0, 000%, -38dBm, 001, 10, 66
35:33, 100%, 0, 000%, -49dBm, 001, 9, 53
35:34, 100%, 0, 000%, -44dBm, 001, 9, 53
35:36, 100%, 0, 000%, -47dBm, 001, 10, 62
35:37, 100%, 0, 000%, -48dBm, 001, 10, 73
35:38, 100%, 0, 000%, -50dBm, 001, 10, 81
35:39, 100%, 0, 000%, -48dBm, 001, 9, 86
35:40, 100%, 0, 000%, -57dBm, 001, 8, 89
35:41, 100%, 0, 000%, -56dBm, 001, 7, 92
35:42, 100%, 0, 000%, -58dBm, 001, 6, 94
35:42, 100%, 0, 000%, -63dBm, 001, 6, 97
35:43, 100%, 0, 000%, -55dBm, 001, 6, 100
35:44, 100%, 0, 000%, -55dBm, 001, 6, 103
35:45, 100%, 0, 000%, -53dBm, 001, 6, 105
35:46, 100%, 1, 000%, -57dBm, 001, 7, 112
35:47, 100%, 1, 000%, -52dBm, 001, 5, 117
35:48, 100%, 0, 000%, -50dBm, 001, 5, 121
35:49, 100%, 0, 000%, -51dBm, 001, 4, 120
35:50, 100%, 1, 000%, -49dBm, 001, 3, 118
35:51, 100%, 1, 000%, -44dBm, 001, 3, 114
35:52, 090%, 0, 000%, -43dBm, 001, 2, 111
35:53, 100%, 0, 000%, -43dBm, 001, 2, 106
35:54, 100%, 0, 000%, -41dBm, 001, 1, 100
35:55, 090%, 0, 000%, -40dBm, 001, 1, 93
35:57, 100%, 0, 000%, -52dBm, 001, 0, 83
35:58, 100%, 0, 000%, -56dBm, 001, 0, 75
35:59, 100%, 0, 000%, -56dBm, 001, -1, 64
36:00, 085%, 0, 000%, -68dBm, 001, -1, 56
36:01, 100%, 0, 000%, -68dBm, 001, -1, 48
36:02, 070%, 0, 000%, -73dBm, 001, -1, 39
36:03, 090%, 0, 000%, -68dBm, 001, -1, 31
36:04, 090%, 0, 000%, -67dBm, 001, -2, 25
36:05, 090%, 0, 000%, -61dBm, 001, -2, 19
36:06, 090%, 2, 000%, -64dBm, 001, -3, 13
36:07, 100%, 2, 000%, -61dBm, 001, -3, 9
36:08, 095%, 1, 000%, -44dBm, 001, -19, 5
Finish - Alt: -19, Speed: 0.00, Valid :1
0Hz-10Hz: 0%, 10Hz-15Hz: 1%, 15Hz-20Hz: 98%, Total time: 36:07
Total bad link: 0
